customer_id,customer_name,segment,region,zip,city,state,country
1,Gary Hwang,Consumer,South,32216,Jacksonville,Florida,United States
2,Hallie Redmond,Home Office,Central,53209,Milwaukee,Wisconsin,United States
3,Bart Pistole,Corporate,East,1841,Lawrence,Massachusetts,United States
4,Sam Craven,Consumer,Central,77095,Houston,Texas,United States
5,Paul Prost,Home Office,South,30080,Smyrna,Georgia,United States
6,Xylona Preis,Consumer,South,30605,Athens,Georgia,United States
7,Erica Hernandez,Home Office,South,37211,Nashville,Tennessee,United States
8,Mike Vittorini,Consumer,South,27604,Raleigh,North Carolina,United States
9,Robert Barroso,Corporate,South,38109,Memphis,Tennessee,United States
10,Ken Black,Corporate,West,98103,Seattle,Washington,United States
11,Shui Tom,Consumer,East,44134,Parma,Ohio,United States
12,Michael Moore,Consumer,East,43055,Newark,Ohio,United States
13,Alejandro Ballentine,Home Office,West,98103,Seattle,Washington,United States
14,Anne Pryor,Home Office,East,2148,Malden,Massachusetts,United States
15,Jim Karlsson,Consumer,East,10024,New York City,New York,United States
16,Tonja Turnell,Home Office,Central,47374,Richmond,Indiana,United States
17,Noel Staavos,Corporate,South,32839,Orlando,Florida,United States
18,Ken Lonsdale,Consumer,Central,60610,Chicago,Illinois,United States
19,Jessica Myrick,Consumer,East,10035,New York City,New York,United States
20,Brian DeCherney,Consumer,South,28403,Wilmington,North Carolina,United States
21,Meg O'Connel,Home Office,East,10024,New York City,New York,United States
22,Nora Pelletier,Home Office,East,14304,Niagara Falls,New York,United States
23,Eleni McCrary,Corporate,West,94122,San Francisco,California,United States
24,John Grady,Corporate,West,84604,Provo,Utah,United States
25,Neoma Murray,Consumer,West,92553,Moreno Valley,California,United States
26,Cari Schnelling,Consumer,East,45014,Fairfield,Ohio,United States
27,Randy Bradley,Consumer,East,19143,Philadelphia,Pennsylvania,United States
28,Michael Nguyen,Consumer,East,45503,Springfield,Ohio,United States
29,Maxwell Schwartz,Consumer,West,98105,Seattle,Washington,United States
30,Frank Gastineau,Home Office,West,94110,San Francisco,California,United States
31,Tony Sayre,Consumer,East,44105,Cleveland,Ohio,United States
32,Allen Rosenblatt,Corporate,East,2038,Franklin,Massachusetts,United States
33,Marc Harrigan,Home Office,West,90008,Los Angeles,California,United States
34,Jay Fein,Consumer,East,14609,Rochester,New York,United States
35,Greg Guthrie,Corporate,East,43229,Columbus,Ohio,United States
36,Hunter Lopez,Consumer,East,19711,Newark,Delaware,United States
37,Daniel Lacy,Consumer,East,11561,Long Beach,New York,United States
38,Pete Armstrong,Home Office,West,94122,San Francisco,California,United States
39,Cindy Chapman,Consumer,East,19143,Philadelphia,Pennsylvania,United States
40,Gary Mitchum,Home Office,Central,78745,Austin,Texas,United States
41,Sung Pak,Corporate,East,19134,Philadelphia,Pennsylvania,United States
42,David Wiener,Corporate,Central,77095,Houston,Texas,United States
43,Tamara Chand,Corporate,Central,47905,Lafayette,Indiana,United States
44,Justin Deggeller,Corporate,West,92037,San Diego,California,United States
45,Arthur Gainer,Consumer,East,6708,Waterbury,Connecticut,United States
46,Cyma Kinney,Corporate,East,11561,Long Beach,New York,United States
47,Benjamin Patterson,Consumer,West,90004,Los Angeles,California,United States
48,Shahid Collister,Consumer,West,98115,Seattle,Washington,United States
49,Tanja Norvell,Home Office,East,10009,New York City,New York,United States
50,Olvera Toch,Consumer,South,23464,Virginia Beach,Virginia,United States
51,Kean Takahito,Consumer,West,85301,Glendale,Arizona,United States
52,Cindy Schnelling,Corporate,East,43615,Toledo,Ohio,United States
53,Shirley Schmidt,Home Office,Central,53132,Franklin,Wisconsin,United States
54,Jennifer Jackson,Consumer,East,10035,New York City,New York,United States
55,Craig Leslie,Home Office,West,80906,Colorado Springs,Colorado,United States
56,Dorothy Dickinson,Consumer,Central,60610,Chicago,Illinois,United States
57,Pamela Stobb,Consumer,Central,78207,San Antonio,Texas,United States
58,Darren Koutras,Consumer,West,94122,San Francisco,California,United States
59,Victoria Brennan,Corporate,South,40475,Richmond,Kentucky,United States
60,Ritsa Hightower,Consumer,South,28205,Charlotte,North Carolina,United States
61,Katherine Ducich,Consumer,Central,60623,Chicago,Illinois,United States
62,Emily Phan,Consumer,East,3820,Dover,New Hampshire,United States
63,Jason Gross,Corporate,Central,79762,Odessa,Texas,United States
64,Rick Reed,Corporate,Central,66212,Overland Park,Kansas,United States
65,Noah Childs,Corporate,West,80013,Aurora,Colorado,United States
66,Kelly Lampkin,Corporate,South,32216,Jacksonville,Florida,United States
67,Adam Bellavance,Home Office,Central,46142,Greenwood,Indiana,United States
68,Michael Stewart,Corporate,Central,77095,Houston,Texas,United States
69,Nathan Gelder,Consumer,Central,78745,Austin,Texas,United States
70,Joni Wasserman,Consumer,South,27604,Raleigh,North Carolina,United States
71,Victoria Wilson,Corporate,West,94122,San Francisco,California,United States
72,Thomas Thornton,Consumer,West,94109,San Francisco,California,United States
73,Vicky Freymann,Home Office,West,90045,Los Angeles,California,United States
74,Clytie Kelty,Consumer,West,92024,San Diego,California,United States
75,Resi Plking,Consumer,East,10035,New York City,New York,United States
76,Pete Kriz,Consumer,South,37211,Nashville,Tennessee,United States
77,Ruben Ausman,Corporate,South,31907,Columbus,Georgia,United States
78,Paul Gonzalez,Consumer,Central,76106,Fort Worth,Texas,United States
79,Ken Dana,Corporate,West,92804,Anaheim,California,United States
80,Alex Grayson,Consumer,West,85204,Mesa,Arizona,United States
81,Toby Carlisle,Consumer,West,92683,Westminster,California,United States
82,Karen Seio,Corporate,South,31907,Columbus,Georgia,United States
83,Ben Ferrer,Home Office,East,21215,Baltimore,Maryland,United States
84,Dave Hallsten,Corporate,South,40475,Richmond,Kentucky,United States
85,Shahid Shariari,Consumer,South,40324,Georgetown,Kentucky,United States
86,Michael Kennedy,Corporate,South,32216,Jacksonville,Florida,United States
87,Matt Collister,Corporate,East,13501,Utica,New York,United States
88,George Bell,Corporate,East,19120,Philadelphia,Pennsylvania,United States
89,Valerie Mitchum,Home Office,East,19140,Philadelphia,Pennsylvania,United States
90,Darren Powers,Consumer,Central,47150,New Albany,Indiana,United States
91,Linda Southworth,Corporate,West,94110,San Francisco,California,United States
92,Andy Yotov,Corporate,West,90049,Los Angeles,California,United States
93,Dana Kaydos,Consumer,Central,53142,Kenosha,Wisconsin,United States
94,Jim Epp,Corporate,East,3301,Concord,New Hampshire,United States
95,Keith Dawkins,Corporate,East,10024,New York City,New York,United States
96,Sung Pak,Corporate,Central,55901,Rochester,Minnesota,United States
97,Jeremy Farry,Consumer,West,98105,Seattle,Washington,United States
98,Todd Sumrall,Corporate,West,90049,Los Angeles,California,United States
99,Laurel Workman,Corporate,East,10024,New York City,New York,United States
100,Clytie Kelty,Consumer,South,28205,Charlotte,North Carolina,United States
101,Fred Harton,Consumer,East,43017,Dublin,Ohio,United States
102,Erin Creighton,Consumer,Central,73120,Oklahoma City,Oklahoma,United States
103,Tamara Chand,Corporate,Central,77041,Houston,Texas,United States
104,Brian Moss,Corporate,Central,48104,Ann Arbor,Michigan,United States
105,Thea Hudgings,Corporate,East,19140,Philadelphia,Pennsylvania,United States
106,Anna Andreadi,Consumer,West,94109,San Francisco,California,United States
107,Patrick O'Donnell,Consumer,East,1752,Marlborough,Massachusetts,United States
108,Robert Barroso,Corporate,West,89031,North Las Vegas,Nevada,United States
109,Christina DeMoss,Consumer,East,10024,New York City,New York,United States
110,Eric Hoffmann,Consumer,West,85281,Tempe,Arizona,United States
111,Sean O'Donnell,Consumer,South,38401,Columbia,Tennessee,United States
112,Susan Pistek,Consumer,West,94109,San Francisco,California,United States
113,Corey Catlett,Corporate,South,22153,Springfield,Virginia,United States
114,Carol Triggs,Consumer,Central,46203,Indianapolis,Indiana,United States
115,Mike Vittorini,Consumer,Central,48234,Detroit,Michigan,United States
116,Phillina Ober,Home Office,Central,60540,Naperville,Illinois,United States
117,Nicole Hansen,Corporate,West,91767,Pomona,California,United States
118,Helen Abelman,Consumer,East,45503,Springfield,Ohio,United States
119,Greg Matthias,Consumer,West,95123,San Jose,California,United States
120,Jay Fein,Consumer,West,92105,San Diego,California,United States
121,Laurel Beltran,Home Office,East,19805,Wilmington,Delaware,United States
122,Irene Maddox,Consumer,East,10009,New York City,New York,United States
123,Denny Joy,Corporate,South,31088,Warner Robins,Georgia,United States
124,Dan Reichenbach,Corporate,West,90301,Inglewood,California,United States
125,Tracy Collins,Home Office,East,43229,Columbus,Ohio,United States
126,Eugene Moren,Home Office,Central,54880,Superior,Wisconsin,United States
127,Victoria Pisteka,Corporate,East,43229,Columbus,Ohio,United States
128,Brendan Dodson,Home Office,West,93727,Fresno,California,United States
129,Christopher Schild,Home Office,West,98115,Seattle,Washington,United States
130,Katherine Nockton,Corporate,East,10011,New York City,New York,United States
131,Beth Paige,Consumer,Central,60201,Evanston,Illinois,United States
132,Denny Ordway,Consumer,West,90036,Los Angeles,California,United States
133,Adrian Barton,Consumer,South,42420,Henderson,Kentucky,United States
134,Cynthia Delaney,Home Office,West,92553,Moreno Valley,California,United States
135,Jim Sink,Corporate,South,33023,Miramar,Florida,United States
136,Greg Tran,Consumer,Central,77041,Houston,Texas,United States
137,Bill Shonely,Corporate,Central,73120,Oklahoma City,Oklahoma,United States
138,Brad Norvell,Corporate,South,27511,Cary,North Carolina,United States
139,Craig Molinari,Corporate,Central,77340,Huntsville,Texas,United States
140,Eric Murdock,Consumer,East,19134,Philadelphia,Pennsylvania,United States
141,Bryan Spruell,Home Office,West,92037,San Diego,California,United States
142,Evan Henry,Consumer,South,35601,Decatur,Alabama,United States
143,Sue Ann Reed,Consumer,West,93727,Fresno,California,United States
144,Grant Thornton,Corporate,East,11561,Long Beach,New York,United States
145,Roland Fjeld,Consumer,Central,73120,Oklahoma City,Oklahoma,United States
146,Fred Chung,Corporate,West,94110,San Francisco,California,United States
147,Charles McCrossin,Consumer,Central,78521,Brownsville,Texas,United States
148,Thea Hendricks,Consumer,West,92037,San Diego,California,United States
149,Eric Hoffmann,Consumer,South,38109,Memphis,Tennessee,United States
150,Valerie Mitchum,Home Office,South,30062,Marietta,Georgia,United States
151,Peter Fuller,Consumer,West,85234,Gilbert,Arizona,United States
152,Jennifer Ferguson,Consumer,West,98105,Seattle,Washington,United States
153,Toby Swindell,Consumer,West,85254,Scottsdale,Arizona,United States
154,Adrian Hane,Home Office,West,97301,Salem,Oregon,United States
155,Alan Hwang,Consumer,West,92804,Anaheim,California,United States
156,Patrick Gardner,Consumer,West,94110,San Francisco,California,United States
157,Pete Takahito,Consumer,Central,78207,San Antonio,Texas,United States
158,Speros Goranitis,Consumer,South,28806,Asheville,North Carolina,United States
159,Bart Watters,Corporate,South,27405,Greensboro,North Carolina,United States
160,Sue Ann Reed,Consumer,Central,60653,Chicago,Illinois,United States
161,Bradley Nguyen,Consumer,West,98103,Seattle,Washington,United States
162,Jill Matthias,Consumer,West,90045,Los Angeles,California,United States
163,Darrin Martin,Consumer,Central,77070,Houston,Texas,United States
164,Chuck Magee,Consumer,West,92374,Redlands,California,United States
165,Nathan Gelder,Consumer,West,90008,Los Angeles,California,United States
166,Darrin Martin,Consumer,West,92024,Encinitas,California,United States
167,Karl Braun,Consumer,East,11520,Freeport,New York,United States
168,Helen Andreada,Consumer,Central,78041,Laredo,Texas,United States
169,Bryan Mills,Consumer,East,43229,Columbus,Ohio,United States
170,Katherine Hughes,Consumer,East,19143,Philadelphia,Pennsylvania,United States
171,Luke Weiss,Consumer,Central,60653,Chicago,Illinois,United States
172,Tony Chapman,Home Office,East,44107,Lakewood,Ohio,United States
173,Natalie Fritzler,Consumer,South,23320,Chesapeake,Virginia,United States
174,Gary Mitchum,Home Office,East,3301,Concord,New Hampshire,United States
175,Dionis Lloyd,Corporate,Central,48227,Detroit,Michigan,United States
176,Sean Braxton,Corporate,South,29501,Florence,South Carolina,United States
177,Sample Company A,Home Office,South,33012,Hialeah,Florida,United States
178,Craig Carreira,Consumer,South,33614,Tampa,Florida,United States
179,Neoma Murray,Consumer,Central,79109,Amarillo,Texas,United States
180,Xylona Preis,Consumer,West,90049,Los Angeles,California,United States
181,Resi Plking,Consumer,West,98103,Seattle,Washington,United States
182,Roy Franzsisch,Consumer,East,43229,Columbus,Ohio,United States
183,Edward Hooks,Corporate,East,2151,Revere,Massachusetts,United States
184,Duane Noonan,Consumer,East,21044,Columbia,Maryland,United States
185,Lena Hernandez,Consumer,East,10009,New York City,New York,United States
186,James Galang,Consumer,South,70506,Lafayette,Louisiana,United States
187,Dean percer,Home Office,South,37918,Knoxville,Tennessee,United States
188,Jeremy Lonsdale,Consumer,Central,57401,Aberdeen,South Dakota,United States
189,Mark Van Huff,Consumer,West,90049,Los Angeles,California,United States
190,Irene Maddox,Consumer,West,80906,Colorado Springs,Colorado,United States
191,Delfina Latchford,Consumer,East,10035,New York City,New York,United States
192,Ann Chong,Corporate,East,10009,New York City,New York,United States
193,Ed Jacobs,Consumer,Central,77340,Huntsville,Texas,United States
194,Daniel Byrd,Home Office,Central,75220,Dallas,Texas,United States
195,Sanjit Chand,Consumer,West,84084,West Jordan,Utah,United States
196,Rachel Payne,Corporate,West,94110,San Francisco,California,United States
197,Tamara Dahlen,Consumer,East,1852,Lowell,Massachusetts,United States
198,Jim Mitchum,Corporate,West,88220,Carlsbad,New Mexico,United States
199,Steven Cartwright,Consumer,West,92374,Redlands,California,United States
200,Henia Zydlo,Consumer,East,10024,New York City,New York,United States
201,Arthur Gainer,Consumer,West,85705,Tucson,Arizona,United States
202,Ken Black,Corporate,Central,68025,Fremont,Nebraska,United States
203,Lindsay Williams,Corporate,West,94109,San Francisco,California,United States
204,Henia Zydlo,Consumer,East,43229,Columbus,Ohio,United States
205,Sandra Flanagan,Consumer,East,7011,Clifton,New Jersey,United States
206,Roger Barcio,Home Office,East,10035,New York City,New York,United States
207,Bill Donatelli,Consumer,West,98103,Seattle,Washington,United States
208,Alan Shonely,Consumer,South,22153,Springfield,Virginia,United States
209,Hunter Glantz,Consumer,Central,76106,Fort Worth,Texas,United States
210,Cassandra Brandow,Consumer,Central,75104,Cedar Hill,Texas,United States
211,Marina Lichtenstein,Corporate,West,92105,San Diego,California,United States
212,Fred Wasserman,Corporate,South,35810,Huntsville,Alabama,United States
213,Kelly Lampkin,Corporate,South,27405,Greensboro,North Carolina,United States
214,Kristina Nunn,Home Office,East,10009,New York City,New York,United States
215,Raymond Messe,Consumer,East,5401,Burlington,Vermont,United States
216,Natalie DeCherney,Consumer,West,94110,San Francisco,California,United States
217,Sanjit Chand,Consumer,West,92627,Costa Mesa,California,United States
218,Emily Ducich,Home Office,East,10011,New York City,New York,United States
219,Clytie Kelty,Consumer,South,72209,Little Rock,Arkansas,United States
220,Ted Butterfield,Consumer,East,12180,Troy,New York,United States
221,Susan Vittorini,Consumer,West,87105,Albuquerque,New Mexico,United States
222,Dean Katz,Corporate,East,19140,Philadelphia,Pennsylvania,United States
223,Cynthia Arntzen,Consumer,East,8360,Vineland,New Jersey,United States
224,Arianne Irving,Consumer,West,90036,Los Angeles,California,United States
225,Emily Phan,Consumer,Central,77036,Houston,Texas,United States
226,Charles McCrossin,Consumer,East,19143,Philadelphia,Pennsylvania,United States
227,Greg Tran,Consumer,West,98105,Seattle,Washington,United States
228,Harold Dahlen,Home Office,Central,60610,Chicago,Illinois,United States
229,Jim Mitchum,Corporate,West,85301,Glendale,Arizona,United States
230,Bruce Stewart,Consumer,Central,48227,Detroit,Michigan,United States
231,Sheri Gordon,Consumer,East,20852,Rockville,Maryland,United States
232,Kristina Nunn,Home Office,West,89431,Sparks,Nevada,United States
233,Eleni McCrary,Corporate,West,90036,Los Angeles,California,United States
234,Bill Overfelt,Corporate,East,19134,Philadelphia,Pennsylvania,United States
235,Lindsay Shagiari,Home Office,East,10035,New York City,New York,United States
236,Arthur Prichep,Consumer,West,98105,Seattle,Washington,United States
237,Cathy Armstrong,Home Office,Central,77070,Houston,Texas,United States
238,Khloe Miller,Consumer,South,30076,Roswell,Georgia,United States
239,Frank Carlisle,Home Office,West,94109,San Francisco,California,United States
240,Odella Nelson,Corporate,Central,77095,Houston,Texas,United States
241,Craig Yedwab,Corporate,West,85234,Gilbert,Arizona,United States
242,James Galang,Consumer,East,11561,Long Beach,New York,United States
243,Nick Zandusky,Home Office,East,43229,Columbus,Ohio,United States
244,Raymond Messe,Consumer,South,27604,Raleigh,North Carolina,United States
245,Andy Reiter,Consumer,West,90004,Los Angeles,California,United States
246,Sheri Gordon,Consumer,South,29501,Florence,South Carolina,United States
247,Rick Duston,Consumer,West,94122,San Francisco,California,United States
248,Scott Cohen,Corporate,West,94122,San Francisco,California,United States
249,Ed Braxton,Corporate,Central,77095,Houston,Texas,United States
250,Naresj Patel,Consumer,South,22980,Waynesboro,Virginia,United States
251,Meg O'Connel,Home Office,Central,60653,Chicago,Illinois,United States
252,Jim Mitchum,Corporate,West,90032,Los Angeles,California,United States
253,Laurel Elliston,Consumer,Central,60653,Chicago,Illinois,United States
254,Filia McAdams,Corporate,South,40475,Richmond,Kentucky,United States
255,Dean Braden,Consumer,Central,77041,Houston,Texas,United States
256,Sung Shariari,Consumer,East,1453,Leominster,Massachusetts,United States
257,Edward Hooks,Corporate,East,10009,New York City,New York,United States
258,Ben Peterman,Corporate,West,98103,Seattle,Washington,United States
259,Brian Thompson,Consumer,East,6460,Milford,Connecticut,United States
260,Zuschuss Carroll,Consumer,West,80013,Aurora,Colorado,United States
261,Irene Maddox,Consumer,West,92105,San Diego,California,United States
262,Adam Hart,Corporate,South,30318,Atlanta,Georgia,United States
263,Brian Moss,Corporate,Central,68104,Omaha,Nebraska,United States
264,Jennifer Ferguson,Consumer,West,89431,Sparks,Nevada,United States
265,Barry Franzsisch,Corporate,South,32216,Jacksonville,Florida,United States
266,Justin MacKendrick,Consumer,South,40214,Louisville,Kentucky,United States
267,Michelle Moray,Consumer,West,59405,Great Falls,Montana,United States
268,Jack Garza,Consumer,West,98198,Des Moines,Washington,United States
269,Maureen Gnade,Consumer,East,19134,Philadelphia,Pennsylvania,United States
270,Brooke Gillingham,Corporate,West,80027,Louisville,Colorado,United States
271,David Kendrick,Corporate,East,10009,New York City,New York,United States
272,Arthur Gainer,Consumer,West,92105,San Diego,California,United States
273,Julia West,Consumer,West,94109,San Francisco,California,United States
274,Anna Hberlin,Corporate,Central,48205,Detroit,Michigan,United States
275,Sam Zeldin,Home Office,Central,77036,Houston,Texas,United States
276,Darrin Martin,Consumer,South,37604,Johnson City,Tennessee,United States
277,Robert Marley,Home Office,South,71203,Monroe,Louisiana,United States
278,Joy Smith,Consumer,Central,62521,Decatur,Illinois,United States
279,Victoria Wilson,Corporate,East,10011,New York City,New York,United States
280,Katrina Edelman,Corporate,Central,78207,San Antonio,Texas,United States
281,Beth Paige,Consumer,East,19140,Philadelphia,Pennsylvania,United States
282,Noel Staavos,Corporate,South,28540,Jacksonville,North Carolina,United States
283,Nick Radford,Consumer,East,8861,Perth Amboy,New Jersey,United States
284,Adam Hart,Corporate,East,2920,Cranston,Rhode Island,United States
285,Elizabeth Moffitt,Corporate,West,92553,Moreno Valley,California,United States
286,Jill Fjeld,Consumer,Central,75081,Dallas,Texas,United States
287,Alex Avila,Consumer,East,10011,New York City,New York,United States
288,Tom Prescott,Consumer,Central,77070,Houston,Texas,United States
289,Stephanie Phelps,Corporate,Central,68104,Omaha,Nebraska,United States
290,Rose O'Brian,Consumer,South,37042,Clarksville,Tennessee,United States
291,Darrin Sayre,Home Office,West,80013,Aurora,Colorado,United States
292,Erin Smith,Corporate,East,2908,Providence,Rhode Island,United States
293,Sam Craven,Consumer,Central,75023,Plano,Texas,United States
294,Randy Ferguson,Corporate,South,30344,East Point,Georgia,United States
295,Frank Hawley,Corporate,Central,46350,La Porte,Indiana,United States
296,Emily Phan,Consumer,Central,48227,Detroit,Michigan,United States
297,Paul Prost,Home Office,East,19711,Newark,Delaware,United States
298,Erin Ashbrook,Corporate,East,45040,Mason,Ohio,United States
299,Kunst Miller,Consumer,East,10035,New York City,New York,United States
300,Anthony Johnson,Corporate,West,94110,San Francisco,California,United States
301,Lori Olson,Corporate,Central,61604,Peoria,Illinois,United States
302,Neil Knudson,Home Office,West,94110,San Francisco,California,United States
303,Candace McMahon,Corporate,West,85023,Phoenix,Arizona,United States
304,Seth Vernon,Consumer,East,45373,Troy,Ohio,United States
305,Tracy Blumstein,Consumer,West,90045,Los Angeles,California,United States
306,Quincy Jones,Corporate,East,19143,Philadelphia,Pennsylvania,United States
307,Stefania Perrino,Corporate,West,94110,San Francisco,California,United States
308,Herbert Flentye,Consumer,South,38109,Memphis,Tennessee,United States
309,Suzanne McNair,Corporate,East,10011,New York City,New York,United States
310,Maribeth Dona,Consumer,East,19143,Philadelphia,Pennsylvania,United States
311,Frank Atkinson,Corporate,South,32839,Orlando,Florida,United States
312,Jennifer Braxton,Corporate,Central,61107,Rockford,Illinois,United States
313,Mitch Webber,Consumer,East,10035,New York City,New York,United States
314,Brian Stugart,Consumer,Central,60623,Chicago,Illinois,United States
315,Brosina Hoffman,Consumer,West,90032,Los Angeles,California,United States
316,Katrina Bavinger,Home Office,East,10035,New York City,New York,United States
317,Zuschuss Donatelli,Consumer,South,32216,Jacksonville,Florida,United States
318,Philisse Overcash,Home Office,Central,77095,Houston,Texas,United States
319,George Ashbrook,Consumer,West,94122,San Francisco,California,United States
320,Joni Sundaresam,Home Office,East,43130,Lancaster,Ohio,United States
321,Bryan Spruell,Home Office,East,10011,New York City,New York,United States
322,Neola Schneider,Consumer,East,19140,Philadelphia,Pennsylvania,United States
323,Thea Hendricks,Consumer,West,85301,Glendale,Arizona,United States
324,Eric Barreto,Consumer,South,33710,Saint Petersburg,Florida,United States
325,Bobby Odegard,Consumer,South,40475,Richmond,Kentucky,United States
326,Jim Karlsson,Consumer,West,98502,Olympia,Washington,United States
327,Charlotte Melton,Consumer,Central,55901,Rochester,Minnesota,United States
328,Natalie DeCherney,Consumer,East,10035,New York City,New York,United States
329,Richard Bierner,Consumer,West,90004,Los Angeles,California,United States
330,Joseph Holt,Consumer,West,98115,Seattle,Washington,United States
331,Alan Hwang,Consumer,South,40214,Louisville,Kentucky,United States
332,Kristen Hastings,Corporate,West,90032,Los Angeles,California,United States
333,Marina Lichtenstein,Corporate,West,98103,Seattle,Washington,United States
334,Kean Thornton,Consumer,West,90036,Los Angeles,California,United States
335,Don Miller,Corporate,East,10035,New York City,New York,United States
336,Dean Braden,Consumer,East,19140,Philadelphia,Pennsylvania,United States
337,Cindy Stewart,Consumer,East,43130,Lancaster,Ohio,United States
338,Lisa Ryan,Corporate,East,11561,Long Beach,New York,United States
339,Kunst Miller,Consumer,Central,77095,Houston,Texas,United States
340,Scott Williamson,Consumer,East,10009,New York City,New York,United States
341,Vivek Sundaresam,Consumer,Central,77340,Huntsville,Texas,United States
342,Elizabeth Moffitt,Corporate,Central,57103,Sioux Falls,South Dakota,United States
343,Bradley Talbott,Home Office,East,44105,Cleveland,Ohio,United States
344,Thea Hudgings,Corporate,East,19711,Newark,Delaware,United States
345,Sean Braxton,Corporate,West,92024,San Diego,California,United States
346,Allen Armold,Consumer,Central,68104,Omaha,Nebraska,United States
347,Heather Kirkland,Corporate,West,83704,Boise,Idaho,United States
348,Jay Fein,Consumer,Central,78745,Austin,Texas,United States
349,Cynthia Voltz,Corporate,Central,76106,Fort Worth,Texas,United States
350,Erica Bern,Corporate,West,94533,Fairfield,California,United States
351,Cyra Reiten,Home Office,East,10035,New York City,New York,United States
352,Barry Franz,Home Office,West,91104,Pasadena,California,United States
353,Lynn Smith,Consumer,Central,77036,Houston,Texas,United States
354,Janet Lee,Consumer,East,19711,Newark,Delaware,United States
355,Dianna Wilson,Home Office,South,40214,Louisville,Kentucky,United States
356,Alan Barnes,Consumer,West,98006,Bellevue,Washington,United States
357,Arthur Prichep,Consumer,South,29730,Rock Hill,South Carolina,United States
358,Sarah Foster,Consumer,West,84107,Murray,Utah,United States
359,Carlos Daly,Consumer,West,92054,Oceanside,California,United States
360,Janet Martin,Consumer,South,28314,Fayetteville,North Carolina,United States
361,Maris LaWare,Consumer,West,85023,Phoenix,Arizona,United States
362,Frank Hawley,Corporate,South,37064,Franklin,Tennessee,United States
363,Anna Gayman,Consumer,Central,53209,Milwaukee,Wisconsin,United States
364,Cynthia Arntzen,Consumer,Central,48205,Detroit,Michigan,United States
365,Valerie Takahito,Home Office,East,19143,Philadelphia,Pennsylvania,United States
366,Keith Herrera,Consumer,West,94110,San Francisco,California,United States
367,Ann Steele,Home Office,South,33437,Boynton Beach,Florida,United States
368,Larry Tron,Consumer,West,80027,Louisville,Colorado,United States
369,Guy Phonely,Corporate,East,1453,Leominster,Massachusetts,United States
370,Laura Armstrong,Corporate,West,90004,Los Angeles,California,United States
371,Jason Gross,Corporate,East,43055,Newark,Ohio,United States
372,Ken Black,Corporate,West,97477,Springfield,Oregon,United States
373,Roy Collins,Consumer,West,91104,Pasadena,California,United States
374,Adam Shillingsburg,Consumer,East,19143,Philadelphia,Pennsylvania,United States
375,Lena Hernandez,Consumer,West,94110,San Francisco,California,United States
376,Erin Smith,Corporate,West,85705,Tucson,Arizona,United States
377,Nick Crebassa,Corporate,West,94122,San Francisco,California,United States
378,Chris Cortes,Consumer,West,98103,Seattle,Washington,United States
379,Anthony O'Donnell,Corporate,West,90045,Los Angeles,California,United States
380,Clay Cheatham,Consumer,West,94122,San Francisco,California,United States
381,Aaron Hawkins,Corporate,East,12180,Troy,New York,United States
382,Anne Pryor,Home Office,West,90032,Los Angeles,California,United States
383,Andrew Allen,Consumer,Central,65807,Springfield,Missouri,United States
384,Corey Catlett,Corporate,West,80219,Denver,Colorado,United States
385,Jessica Myrick,Consumer,West,90036,Los Angeles,California,United States
386,Susan MacKendrick,Consumer,East,43055,Newark,Ohio,United States
387,Sean Braxton,Corporate,South,42420,Henderson,Kentucky,United States
388,Becky Pak,Consumer,South,31907,Columbus,Georgia,United States
389,Anna Hberlin,Corporate,East,10024,New York City,New York,United States
390,Arianne Irving,Consumer,South,23320,Chesapeake,Virginia,United States
391,Anna Gayman,Consumer,South,28027,Concord,North Carolina,United States
392,Bruce Geld,Consumer,West,90008,Los Angeles,California,United States
393,Brenda Bowman,Corporate,South,33311,Fort Lauderdale,Florida,United States
394,Patrick Ryan,Consumer,West,94601,Oakland,California,United States
395,Greg Guthrie,Corporate,West,95928,Chico,California,United States
396,Steven Ward,Corporate,East,10009,New York City,New York,United States
397,Clay Rozendal,Home Office,East,10009,New York City,New York,United States
398,Sean Miller,Home Office,East,18103,Allentown,Pennsylvania,United States
399,Laurel Beltran,Home Office,East,43229,Columbus,Ohio,United States
400,Bobby Odegard,Consumer,East,10024,New York City,New York,United States
401,Yana Sorensen,Corporate,South,36116,Montgomery,Alabama,United States
402,Guy Armstrong,Consumer,West,97301,Salem,Oregon,United States
403,Janet Molinari,Corporate,Central,60653,Chicago,Illinois,United States
404,Steve Carroll,Home Office,West,94110,San Francisco,California,United States
405,Arthur Prichep,Consumer,South,42420,Henderson,Kentucky,United States
406,Matt Connell,Corporate,Central,77070,Houston,Texas,United States
407,Don Weiss,Consumer,Central,77070,Houston,Texas,United States
408,Luke Schmidt,Corporate,West,93727,Fresno,California,United States
409,Carl Weiss,Home Office,West,90004,Los Angeles,California,United States
410,Christina VanderZanden,Consumer,East,10011,New York City,New York,United States
411,Natalie Webber,Consumer,Central,50701,Waterloo,Iowa,United States
412,Luke Schmidt,Corporate,South,71854,Texarkana,Arkansas,United States
413,Matt Abelman,Home Office,Central,48183,Trenton,Michigan,United States
414,Annie Thurman,Consumer,Central,60653,Chicago,Illinois,United States
415,Barry Blumstein,Corporate,West,90301,Inglewood,California,United States
416,Jasper Cacioppo,Consumer,East,19120,Philadelphia,Pennsylvania,United States
417,Carol Triggs,Consumer,Central,55901,Rochester,Minnesota,United States
418,Nancy Lomonaco,Home Office,West,90045,Los Angeles,California,United States
419,Rob Lucas,Consumer,East,19120,Philadelphia,Pennsylvania,United States
420,Frank Atkinson,Corporate,South,27604,Raleigh,North Carolina,United States
421,Richard Eichhorn,Consumer,Central,54703,Eau Claire,Wisconsin,United States
422,Shui Tom,Consumer,South,34952,Port Saint Lucie,Florida,United States
423,Rachel Payne,Corporate,West,92503,Riverside,California,United States
424,Quincy Jones,Corporate,South,22153,Springfield,Virginia,United States
425,Lindsay Castell,Home Office,West,92037,San Diego,California,United States
426,Patrick Gardner,Consumer,South,40214,Louisville,Kentucky,United States
427,Rick Duston,Consumer,East,11561,Long Beach,New York,United States
428,Chris Selesnick,Corporate,West,92105,San Diego,California,United States
429,Hunter Lopez,Consumer,South,72401,Jonesboro,Arkansas,United States
430,Craig Reiter,Consumer,East,43229,Columbus,Ohio,United States
431,Katherine Hughes,Consumer,East,19901,Dover,Delaware,United States
432,Jill Stevenson,Corporate,East,43229,Columbus,Ohio,United States
433,Carol Triggs,Consumer,East,1841,Lawrence,Massachusetts,United States
434,Julia Dunbar,Consumer,Central,55901,Rochester,Minnesota,United States
435,Karl Braun,Consumer,South,33021,Hollywood,Florida,United States
436,Tamara Manning,Consumer,West,84057,Orem,Utah,United States
437,Dean percer,Home Office,Central,55369,Maple Grove,Minnesota,United States
438,John Castell,Consumer,East,19143,Philadelphia,Pennsylvania,United States
439,Christy Brittain,Consumer,East,44107,Lakewood,Ohio,United States
440,Thomas Thornton,Consumer,West,90045,Los Angeles,California,United States
441,Nicole Hansen,Corporate,Central,48237,Oak Park,Michigan,United States
442,Mary O'Rourke,Consumer,East,10035,New York City,New York,United States
443,Gary Hansen,Home Office,South,37075,Hendersonville,Tennessee,United States
444,Khloe Miller,Consumer,West,90301,Inglewood,California,United States
445,Natalie Webber,Consumer,West,89115,Las Vegas,Nevada,United States
446,Adam Shillingsburg,Consumer,Central,65807,Springfield,Missouri,United States
447,Carl Weiss,Home Office,East,2920,Cranston,Rhode Island,United States
448,Mike Pelletier,Home Office,West,97477,Springfield,Oregon,United States
449,Chris Selesnick,Corporate,South,71111,Bossier City,Louisiana,United States
450,William Brown,Consumer,Central,75051,Grand Prairie,Texas,United States
451,Mark Packer,Home Office,East,10035,New York City,New York,United States
452,Sue Ann Reed,Consumer,West,92553,Moreno Valley,California,United States
453,Erin Creighton,Consumer,South,31907,Columbus,Georgia,United States
454,Pete Takahito,Consumer,Central,60623,Chicago,Illinois,United States
455,Annie Thurman,Consumer,West,98115,Seattle,Washington,United States
456,Sally Hughsby,Corporate,Central,77581,Pearland,Texas,United States
457,Michelle Tran,Home Office,Central,74133,Tulsa,Oklahoma,United States
458,Greg Tran,Consumer,East,14215,Buffalo,New York,United States
459,Jim Epp,Corporate,West,92105,San Diego,California,United States
460,Joel Eaton,Consumer,South,41042,Florence,Kentucky,United States
461,Bobby Trafton,Consumer,East,10035,New York City,New York,United States
462,Anne McFarland,Consumer,East,2920,Cranston,Rhode Island,United States
463,Anthony Rawles,Corporate,West,98103,Seattle,Washington,United States
464,Ross Baird,Home Office,South,28052,Gastonia,North Carolina,United States
465,Brian Moss,Corporate,East,21044,Columbia,Maryland,United States
466,Gary McGarr,Consumer,East,10009,New York City,New York,United States
467,Seth Vernon,Consumer,East,10035,New York City,New York,United States
468,Liz Carlisle,Consumer,West,90004,Los Angeles,California,United States
469,Ralph Ritter,Consumer,West,94110,San Francisco,California,United States
470,Damala Kotsonis,Corporate,South,37064,Franklin,Tennessee,United States
471,Rick Bensley,Home Office,South,32303,Tallahassee,Florida,United States
472,Parhena Norris,Home Office,East,10011,New York City,New York,United States
473,Dorris liebe,Corporate,West,98105,Seattle,Washington,United States
474,Mick Brown,Consumer,South,28205,Charlotte,North Carolina,United States
475,Bryan Mills,Consumer,South,22801,Harrisonburg,Virginia,United States
476,Tim Brockman,Consumer,East,10024,New York City,New York,United States
477,Erica Smith,Consumer,West,94110,San Francisco,California,United States
478,Steven Roelle,Home Office,Central,47401,Bloomington,Indiana,United States
479,Zuschuss Donatelli,Consumer,West,94109,San Francisco,California,United States
480,Don Weiss,Consumer,West,98105,Seattle,Washington,United States
481,Nicole Fjeld,Home Office,West,95928,Chico,California,United States
482,Seth Vernon,Consumer,Central,77070,Houston,Texas,United States
483,Dean Katz,Corporate,West,94109,San Francisco,California,United States
484,Jesus Ocampo,Home Office,East,19013,Chester,Pennsylvania,United States
485,Roger Demir,Consumer,East,6457,Middletown,Connecticut,United States
486,Patrick O'Donnell,Consumer,West,90036,Los Angeles,California,United States
487,Toby Carlisle,Consumer,South,33458,Jupiter,Florida,United States
488,Becky Castell,Home Office,East,10011,New York City,New York,United States
489,Gary McGarr,Consumer,West,92024,San Diego,California,United States
490,Stewart Carmichael,Corporate,East,19134,Philadelphia,Pennsylvania,United States
491,Dave Poirier,Corporate,Central,54703,Eau Claire,Wisconsin,United States
492,Don Jones,Corporate,East,2895,Woonsocket,Rhode Island,United States
493,Jonathan Doherty,Corporate,East,7109,Belleville,New Jersey,United States
494,Philisse Overcash,Home Office,East,10011,New York City,New York,United States
495,Brian Thompson,Consumer,South,33311,Fort Lauderdale,Florida,United States
496,Deborah Brumfield,Home Office,West,97206,Portland,Oregon,United States
497,Natalie Fritzler,Consumer,Central,62521,Decatur,Illinois,United States
498,Benjamin Venier,Corporate,South,33142,Miami,Florida,United States
499,Sean Christensen,Consumer,East,19140,Philadelphia,Pennsylvania,United States
500,Greg Guthrie,Corporate,Central,61701,Bloomington,Illinois,United States
501,Brian Stugart,Consumer,East,19143,Philadelphia,Pennsylvania,United States
502,Roland Schwarz,Corporate,East,10550,Mount Vernon,New York,United States
503,Theone Pippenger,Consumer,Central,76706,Waco,Texas,United States
504,Tanja Norvell,Home Office,West,85023,Phoenix,Arizona,United States
505,Liz Carlisle,Consumer,South,40475,Richmond,Kentucky,United States
506,Zuschuss Carroll,Consumer,Central,77095,Houston,Texas,United States
507,Yoseph Carroll,Corporate,Central,68025,Fremont,Nebraska,United States
508,Greg Guthrie,Corporate,West,90049,Los Angeles,California,United States
509,Emily Phan,Consumer,East,19120,Philadelphia,Pennsylvania,United States
510,Eugene Barchas,Consumer,East,43229,Columbus,Ohio,United States
511,Tiffany House,Corporate,West,85364,Yuma,Arizona,United States
512,Brendan Murry,Corporate,East,10035,New York City,New York,United States
513,Carlos Daly,Consumer,East,10024,New York City,New York,United States
514,Dave Kipp,Consumer,Central,68025,Fremont,Nebraska,United States
515,Tamara Dahlen,Consumer,Central,60440,Bolingbrook,Illinois,United States
516,Linda Cazamias,Corporate,West,89431,Sparks,Nevada,United States
517,Max Ludwig,Home Office,East,45503,Springfield,Ohio,United States
518,Tim Brockman,Consumer,West,97301,Salem,Oregon,United States
519,Keith Dawkins,Corporate,West,95123,San Jose,California,United States
520,Dianna Wilson,Home Office,Central,55044,Lakeville,Minnesota,United States
521,Andy Yotov,Corporate,West,92054,Oceanside,California,United States
522,Carl Weiss,Home Office,Central,77340,Huntsville,Texas,United States
523,Ruben Dartt,Consumer,West,92037,San Diego,California,United States
524,Maribeth Yedwab,Corporate,West,80134,Parker,Colorado,United States
525,Ruben Dartt,Consumer,West,97206,Portland,Oregon,United States
526,Valerie Mitchum,Home Office,West,98105,Seattle,Washington,United States
527,Doug Jacobs,Consumer,East,10024,New York City,New York,United States
528,Laura Armstrong,Corporate,East,7601,Hackensack,New Jersey,United States
529,Sarah Foster,Consumer,East,10009,New York City,New York,United States
530,Sung Shariari,Consumer,Central,75220,Dallas,Texas,United States
531,Michelle Moray,Consumer,West,80013,Aurora,Colorado,United States
532,Joe Elijah,Consumer,West,98115,Seattle,Washington,United States
533,Charles Sheldon,Corporate,South,38401,Columbia,Tennessee,United States
534,Jamie Kunitz,Consumer,West,94122,San Francisco,California,United States
535,Ralph Ritter,Consumer,Central,60505,Aurora,Illinois,United States
536,Laurel Workman,Corporate,West,85023,Phoenix,Arizona,United States
537,Toby Carlisle,Consumer,East,2149,Everett,Massachusetts,United States
538,Arthur Gainer,Consumer,South,23223,Richmond,Virginia,United States
539,Sheri Gordon,Consumer,South,30318,Atlanta,Georgia,United States
540,William Brown,Consumer,East,19134,Philadelphia,Pennsylvania,United States
541,Deirdre Greer,Corporate,West,98105,Seattle,Washington,United States
542,Cynthia Voltz,Corporate,Central,78745,Austin,Texas,United States
543,William Brown,Consumer,West,90045,Los Angeles,California,United States
544,Matt Abelman,Home Office,East,10024,New York City,New York,United States
545,Chuck Clark,Home Office,East,10024,New York City,New York,United States
546,Christine Phan,Corporate,West,98115,Seattle,Washington,United States
547,Tamara Manning,Consumer,Central,68801,Grand Island,Nebraska,United States
548,Don Weiss,Consumer,East,10024,New York City,New York,United States
549,Robert Marley,Home Office,East,10011,New York City,New York,United States
550,Beth Paige,Consumer,Central,62521,Decatur,Illinois,United States
551,Roger Demir,Consumer,West,94122,San Francisco,California,United States
552,Michelle Arnett,Home Office,West,88001,Las Cruces,New Mexico,United States
553,Nora Pelletier,Home Office,South,27893,Wilson,North Carolina,United States
554,Matt Connell,Corporate,East,19143,Philadelphia,Pennsylvania,United States
555,Joel Eaton,Consumer,West,95123,San Jose,California,United States
556,Maria Etezadi,Home Office,South,42420,Henderson,Kentucky,United States
557,Fred McMath,Consumer,South,33178,Miami,Florida,United States
558,Nat Carroll,Consumer,Central,55124,Apple Valley,Minnesota,United States
559,Luke Foster,Consumer,East,10035,New York City,New York,United States
560,Nick Radford,Consumer,South,33024,Pembroke Pines,Florida,United States
561,Saphhira Shifley,Corporate,West,98103,Seattle,Washington,United States
562,Nicole Hansen,Corporate,Central,48227,Detroit,Michigan,United States
563,Dean Katz,Corporate,East,14609,Rochester,New York,United States
564,Deanra Eno,Home Office,East,45503,Springfield,Ohio,United States
565,Shirley Daniels,Home Office,Central,60653,Chicago,Illinois,United States
566,Michelle Tran,Home Office,Central,78207,San Antonio,Texas,United States
567,Alyssa Crouse,Corporate,Central,77041,Houston,Texas,United States
568,Dan Campbell,Consumer,East,44105,Cleveland,Ohio,United States
569,Roy Phan,Corporate,West,90032,Los Angeles,California,United States
570,John Dryer,Consumer,Central,77070,Houston,Texas,United States
571,Jeremy Lonsdale,Consumer,West,92683,Westminster,California,United States
572,Philisse Overcash,Home Office,Central,60623,Chicago,Illinois,United States
573,Hunter Lopez,Consumer,Central,47374,Richmond,Indiana,United States
574,Damala Kotsonis,Corporate,Central,48234,Detroit,Michigan,United States
575,Christina DeMoss,Consumer,West,98105,Seattle,Washington,United States
576,Philisse Overcash,Home Office,Central,53142,Kenosha,Wisconsin,United States
577,Kimberly Carter,Corporate,South,40214,Louisville,Kentucky,United States
578,Jennifer Patt,Corporate,East,11572,Oceanside,New York,United States
579,Pamela Stobb,Consumer,East,19140,Philadelphia,Pennsylvania,United States
580,Annie Zypern,Consumer,West,92037,San Diego,California,United States
581,Giulietta Baptist,Consumer,South,29203,Columbia,South Carolina,United States
582,Christina Anderson,Consumer,West,94110,San Francisco,California,United States
583,Linda Southworth,Corporate,West,90004,Los Angeles,California,United States
584,Ross DeVincentis,Home Office,East,14609,Rochester,New York,United States
585,Carl Weiss,Home Office,West,59715,Bozeman,Montana,United States
586,Arthur Wiediger,Home Office,Central,60505,Aurora,Illinois,United States
587,Jonathan Doherty,Corporate,West,89115,Las Vegas,Nevada,United States
588,Bill Tyler,Corporate,West,90036,Los Angeles,California,United States
589,Craig Molinari,Corporate,Central,77070,Houston,Texas,United States
590,MaryBeth Skach,Consumer,West,98105,Seattle,Washington,United States
591,Brian Moss,Corporate,West,92037,San Diego,California,United States
592,Skye Norling,Home Office,East,7501,Paterson,New Jersey,United States
593,Maureen Fritzler,Corporate,East,21044,Columbia,Maryland,United States
594,Shirley Daniels,Home Office,East,19143,Philadelphia,Pennsylvania,United States
595,Shahid Collister,Consumer,Central,79907,El Paso,Texas,United States
596,Beth Thompson,Home Office,Central,54880,Superior,Wisconsin,United States
597,Roy Skaria,Home Office,Central,52601,Burlington,Iowa,United States
598,Lisa Ryan,Corporate,East,19134,Philadelphia,Pennsylvania,United States
599,Roland Schwarz,Corporate,West,90008,Los Angeles,California,United States
600,John Huston,Consumer,Central,49423,Holland,Michigan,United States
601,Jennifer Braxton,Corporate,Central,60623,Chicago,Illinois,United States
602,Michael Chen,Consumer,West,90008,Los Angeles,California,United States
603,Tracy Zic,Consumer,West,80027,Louisville,Colorado,United States
604,Patrick Gardner,Consumer,Central,68104,Omaha,Nebraska,United States
605,Carol Darley,Consumer,Central,75701,Tyler,Texas,United States
606,Victoria Brennan,Corporate,Central,78207,San Antonio,Texas,United States
607,Janet Martin,Consumer,East,21215,Baltimore,Maryland,United States
608,Katherine Murray,Home Office,Central,75217,Dallas,Texas,United States
609,Clay Cheatham,Consumer,Central,75023,Plano,Texas,United States
610,Rick Reed,Corporate,South,37211,Nashville,Tennessee,United States
611,Anthony Witt,Consumer,West,93309,Bakersfield,California,United States
612,Erin Ashbrook,Corporate,East,10011,New York City,New York,United States
613,Shahid Hopkins,Consumer,South,28540,Jacksonville,North Carolina,United States
614,Harold Ryan,Corporate,West,98103,Seattle,Washington,United States
615,Barry Franzsisch,Corporate,Central,76017,Arlington,Texas,United States
616,Patrick Gardner,Consumer,South,33437,Boynton Beach,Florida,United States
617,Joni Blumstein,Consumer,East,43017,Dublin,Ohio,United States
618,Karen Daniels,Consumer,East,10024,New York City,New York,United States
619,Joe Kamberova,Consumer,South,28806,Asheville,North Carolina,United States
620,Christine Abelman,Corporate,West,92804,Anaheim,California,United States
621,Roy Franzsisch,Consumer,West,91104,Pasadena,California,United States
622,Heather Jas,Home Office,West,98105,Seattle,Washington,United States
623,Edward Hooks,Corporate,West,90049,Los Angeles,California,United States
624,Harold Engle,Corporate,East,19711,Newark,Delaware,United States
625,Mike Gockenbach,Consumer,Central,75023,Plano,Texas,United States
626,Corey Catlett,Corporate,East,43229,Columbus,Ohio,United States
627,Stuart Calhoun,Consumer,Central,78539,Edinburg,Texas,United States
628,Craig Yedwab,Corporate,Central,78207,San Antonio,Texas,United States
629,Craig Carroll,Consumer,South,42420,Henderson,Kentucky,United States
630,Toby Braunhardt,Consumer,East,20016,Washington,District of Columbia,United States
631,Shahid Collister,Consumer,West,83704,Boise,Idaho,United States
632,Lisa Hazard,Consumer,West,80027,Louisville,Colorado,United States
633,Philip Brown,Consumer,West,85323,Avondale,Arizona,United States
634,Anna Hberlin,Corporate,West,92024,San Diego,California,United States
635,Shaun Chance,Corporate,West,90032,Los Angeles,California,United States
636,Joseph Airdo,Consumer,East,19134,Philadelphia,Pennsylvania,United States
637,Becky Castell,Home Office,West,92677,Laguna Niguel,California,United States
638,Roland Schwarz,Corporate,South,29203,Columbia,South Carolina,United States
639,Darrin Sayre,Home Office,East,10009,New York City,New York,United States
640,George Ashbrook,Consumer,West,94109,San Francisco,California,United States
641,Caroline Jumper,Consumer,Central,77070,Houston,Texas,United States
642,Michael Stewart,Corporate,East,19134,Philadelphia,Pennsylvania,United States
643,Tim Brockman,Consumer,Central,78745,Austin,Texas,United States
644,Heather Kirkland,Corporate,Central,77070,Houston,Texas,United States
645,Ted Butterfield,Consumer,East,45014,Fairfield,Ohio,United States
646,Nathan Gelder,Consumer,East,45231,Cincinnati,Ohio,United States
647,Brosina Hoffman,Consumer,South,37604,Johnson City,Tennessee,United States
648,Liz MacKendrick,Consumer,South,38671,Southaven,Mississippi,United States
649,Steven Cartwright,Consumer,West,94122,San Francisco,California,United States
650,Randy Ferguson,Corporate,South,30062,Marietta,Georgia,United States
651,Matthew Grinstein,Home Office,West,98103,Seattle,Washington,United States
652,Craig Carreira,Consumer,East,10009,New York City,New York,United States
653,Ben Ferrer,Home Office,South,27604,Raleigh,North Carolina,United States
654,Katrina Willman,Consumer,East,10009,New York City,New York,United States
655,Mike Pelletier,Home Office,East,10009,New York City,New York,United States
656,Valerie Dominguez,Consumer,East,10011,New York City,New York,United States
657,Lena Cacioppo,Consumer,West,80229,Thornton,Colorado,United States
658,Pete Takahito,Consumer,Central,77070,Houston,Texas,United States
659,Noel Staavos,Corporate,Central,78207,San Antonio,Texas,United States
660,Ross Baird,Home Office,East,19120,Philadelphia,Pennsylvania,United States
661,Aaron Hawkins,Corporate,South,39503,Gulfport,Mississippi,United States
662,Rick Bensley,Home Office,Central,60610,Chicago,Illinois,United States
663,Jonathan Doherty,Corporate,East,10024,New York City,New York,United States
664,Mick Crebagga,Consumer,Central,79907,El Paso,Texas,United States
665,Georgia Rosenberg,Corporate,East,19805,Wilmington,Delaware,United States
666,Guy Armstrong,Consumer,Central,65203,Columbia,Missouri,United States
667,Becky Castell,Home Office,West,85345,Peoria,Arizona,United States
668,Susan Vittorini,Consumer,East,10009,New York City,New York,United States
669,Adam Hart,Corporate,West,90036,Los Angeles,California,United States
670,Julie Kriz,Home Office,Central,78745,Austin,Texas,United States
671,Tony Molinari,Consumer,West,94110,San Francisco,California,United States
672,Michael Paige,Corporate,East,6457,Middletown,Connecticut,United States
673,Denise Monton,Corporate,West,94109,San Francisco,California,United States
674,Jonathan Howell,Consumer,East,45231,Cincinnati,Ohio,United States
675,Frank Olsen,Consumer,South,33021,Hollywood,Florida,United States
676,Theone Pippenger,Consumer,South,31907,Columbus,Georgia,United States
677,Nathan Mautz,Home Office,East,10024,New York City,New York,United States
678,Chad McGuire,Consumer,West,94109,San Francisco,California,United States
679,Adrian Barton,Consumer,Central,77581,Pearland,Texas,United States
680,Russell D'Ascenzo,Consumer,Central,75217,Dallas,Texas,United States
681,Darrin Sayre,Home Office,West,98115,Seattle,Washington,United States
682,Rick Huthwaite,Home Office,West,92037,San Diego,California,United States
683,Mike Kennedy,Consumer,South,32216,Jacksonville,Florida,United States
684,Maribeth Yedwab,Corporate,West,90045,Los Angeles,California,United States
685,Philisse Overcash,Home Office,West,98103,Seattle,Washington,United States
686,Frank Merwin,Home Office,East,19140,Philadelphia,Pennsylvania,United States
687,Paul Prost,Home Office,East,45503,Springfield,Ohio,United States
688,Nora Preis,Consumer,West,93727,Fresno,California,United States
689,Daniel Raglin,Home Office,West,87105,Albuquerque,New Mexico,United States
690,Christine Phan,Corporate,South,33142,Miami,Florida,United States
691,Dave Brooks,Consumer,Central,60076,Skokie,Illinois,United States
692,Randy Ferguson,Corporate,East,3820,Dover,New Hampshire,United States
693,Greg Maxwell,Corporate,West,94122,San Francisco,California,United States
694,John Lee,Consumer,South,40475,Richmond,Kentucky,United States
695,Nona Balk,Corporate,East,19134,Philadelphia,Pennsylvania,United States
696,Gary Mitchum,Home Office,Central,60653,Chicago,Illinois,United States
697,Mick Crebagga,Consumer,Central,77041,Houston,Texas,United States
698,Delfina Latchford,Consumer,East,19134,Philadelphia,Pennsylvania,United States
699,Erica Bern,Corporate,South,27405,Greensboro,North Carolina,United States
700,Barry Gonzalez,Consumer,South,37211,Nashville,Tennessee,United States
701,Dorothy Badders,Corporate,South,32216,Jacksonville,Florida,United States
702,Michael Paige,Corporate,Central,78501,Mcallen,Texas,United States
703,David Wiener,Corporate,West,87105,Albuquerque,New Mexico,United States
704,Luke Weiss,Consumer,West,91104,Pasadena,California,United States
705,Victoria Wilson,Corporate,Central,57103,Sioux Falls,South Dakota,United States
706,Jack O'Briant,Corporate,Central,53132,Franklin,Wisconsin,United States
707,Robert Marley,Home Office,West,90008,Los Angeles,California,United States
708,Joseph Airdo,Consumer,West,97477,Springfield,Oregon,United States
709,Pamela Stobb,Consumer,East,1810,Andover,Massachusetts,United States
710,Brosina Hoffman,Consumer,Central,60653,Chicago,Illinois,United States
711,Katherine Hughes,Consumer,South,40214,Louisville,Kentucky,United States
712,Cassandra Brandow,Consumer,South,23223,Richmond,Virginia,United States
713,Linda Southworth,Corporate,Central,75220,Dallas,Texas,United States
714,Odella Nelson,Corporate,West,85281,Tempe,Arizona,United States
715,Rob Dowd,Consumer,South,30605,Athens,Georgia,United States
716,Sharelle Roach,Home Office,East,10035,New York City,New York,United States
717,Max Jones,Consumer,South,33178,Miami,Florida,United States
718,Roger Demir,Consumer,South,32114,Daytona Beach,Florida,United States
719,Cyma Kinney,Corporate,East,7036,Linden,New Jersey,United States
720,Frank Preis,Consumer,Central,77340,Huntsville,Texas,United States
721,Penelope Sewall,Home Office,East,4240,Lewiston,Maine,United States
722,Ivan Gibson,Consumer,South,72209,Little Rock,Arkansas,United States
723,Sean Christensen,Consumer,Central,48307,Rochester Hills,Michigan,United States
724,Dianna Arnett,Home Office,East,20016,Washington,District of Columbia,United States
725,Chris Selesnick,Corporate,West,98103,Seattle,Washington,United States
726,Darren Powers,Consumer,Central,77095,Houston,Texas,United States
727,Gene McClure,Consumer,Central,60610,Chicago,Illinois,United States
728,Christopher Martinez,Consumer,South,29406,North Charleston,South Carolina,United States
729,Dianna Vittorini,Consumer,East,11572,Oceanside,New York,United States
730,Joseph Airdo,Consumer,West,90045,Los Angeles,California,United States
731,Darren Powers,Consumer,East,10035,New York City,New York,United States
732,Georgia Rosenberg,Corporate,West,94110,San Francisco,California,United States
733,Sanjit Engle,Consumer,West,98103,Seattle,Washington,United States
734,Roy Phan,Corporate,West,98103,Seattle,Washington,United States
735,Tracy Poddar,Corporate,West,97405,Eugene,Oregon,United States
736,Heather Kirkland,Corporate,East,19711,Newark,Delaware,United States
737,Zuschuss Carroll,Consumer,Central,77041,Houston,Texas,United States
738,Jeremy Ellison,Consumer,West,92037,San Diego,California,United States
739,Kean Takahito,Consumer,Central,60623,Chicago,Illinois,United States
740,Sally Hughsby,Corporate,Central,53209,Milwaukee,Wisconsin,United States
741,Kunst Miller,Consumer,West,89031,North Las Vegas,Nevada,United States
742,Cathy Armstrong,Home Office,East,10009,New York City,New York,United States
743,Patrick Gardner,Consumer,East,10009,New York City,New York,United States
744,Sonia Sunley,Consumer,West,94122,San Francisco,California,United States
745,Delfina Latchford,Consumer,Central,60441,Romeoville,Illinois,United States
746,Ted Trevino,Consumer,East,19120,Philadelphia,Pennsylvania,United States
747,Tracy Blumstein,Consumer,East,45014,Fairfield,Ohio,United States
748,Alan Barnes,Consumer,South,37087,Lebanon,Tennessee,United States
749,Anthony Jacobs,Corporate,West,90004,Los Angeles,California,United States
750,Tracy Blumstein,Consumer,East,19140,Philadelphia,Pennsylvania,United States
751,Bart Watters,Corporate,Central,77070,Houston,Texas,United States
752,Jack Lebron,Consumer,South,38301,Jackson,Tennessee,United States
753,Dean Braden,Consumer,East,7501,Paterson,New Jersey,United States
754,Stewart Visinsky,Consumer,East,19140,Philadelphia,Pennsylvania,United States
755,Pierre Wener,Consumer,East,19805,Wilmington,Delaware,United States
756,Michael Grace,Home Office,South,22204,Arlington,Virginia,United States
757,Pete Takahito,Consumer,South,32216,Jacksonville,Florida,United States
758,Erica Hackney,Consumer,East,6450,Meriden,Connecticut,United States
759,Becky Martin,Consumer,Central,78207,San Antonio,Texas,United States
760,Jack O'Briant,Corporate,East,19140,Philadelphia,Pennsylvania,United States
761,Frank Merwin,Home Office,West,98661,Vancouver,Washington,United States
762,Paul Prost,Home Office,Central,65807,Springfield,Missouri,United States
763,Tom Ashbrook,Home Office,East,10035,New York City,New York,United States
764,Eugene Moren,Home Office,West,85301,Glendale,Arizona,United States
765,Kelly Lampkin,Corporate,Central,60505,Aurora,Illinois,United States
766,Allen Rosenblatt,Corporate,East,10035,New York City,New York,United States
767,Anthony Garverick,Home Office,East,19120,Philadelphia,Pennsylvania,United States
768,Mike Pelletier,Home Office,Central,53209,Milwaukee,Wisconsin,United States
769,Allen Goldenen,Consumer,East,45231,Cincinnati,Ohio,United States
770,Quincy Jones,Corporate,East,10009,New York City,New York,United States
771,Adrian Barton,Consumer,West,97206,Portland,Oregon,United States
772,Nick Radford,Consumer,Central,79109,Amarillo,Texas,United States
773,Sue Ann Reed,Consumer,South,23223,Richmond,Virginia,United States
774,Emily Burns,Consumer,South,37064,Franklin,Tennessee,United States
775,Natalie Webber,Consumer,West,97224,Tigard,Oregon,United States
776,Sample Company A,Home Office,West,91941,La Mesa,California,United States
777,Sam Zeldin,Home Office,Central,47201,Columbus,Indiana,United States
778,Astrea Jones,Consumer,East,14609,Rochester,New York,United States
779,Michael Kennedy,Corporate,West,92037,San Diego,California,United States
780,Noel Staavos,Corporate,East,10009,New York City,New York,United States
781,Maxwell Schwartz,Consumer,East,10035,New York City,New York,United States
782,Anne McFarland,Consumer,South,36830,Auburn,Alabama,United States
783,Jack O'Briant,Corporate,East,14215,Buffalo,New York,United States
784,Lisa Ryan,Corporate,West,94109,San Francisco,California,United States
785,Chris Cortes,Consumer,West,98105,Seattle,Washington,United States
786,Pauline Webber,Corporate,East,10009,New York City,New York,United States
787,Ruben Ausman,Corporate,West,87401,Farmington,New Mexico,United States
788,Denise Monton,Corporate,East,14609,Rochester,New York,United States
789,Karen Bern,Corporate,Central,56301,Saint Cloud,Minnesota,United States
790,Matt Collister,Corporate,Central,78666,San Marcos,Texas,United States
791,Scot Coram,Corporate,West,90004,Los Angeles,California,United States
792,Darrin Van Huff,Corporate,West,90036,Los Angeles,California,United States
793,Tony Chapman,Home Office,Central,60440,Bolingbrook,Illinois,United States
794,Christina Anderson,Consumer,South,37421,Chattanooga,Tennessee,United States
795,Sanjit Chand,Consumer,East,2169,Quincy,Massachusetts,United States
796,Benjamin Venier,Corporate,Central,50315,Des Moines,Iowa,United States
797,Patrick Gardner,Consumer,West,85301,Glendale,Arizona,United States
798,Dave Hallsten,Corporate,South,35601,Decatur,Alabama,United States
799,Dan Reichenbach,Corporate,East,43055,Newark,Ohio,United States
800,Denise Monton,Corporate,Central,50315,Des Moines,Iowa,United States
801,David Flashing,Consumer,West,94591,Vallejo,California,United States
802,Arthur Prichep,Consumer,West,90008,Los Angeles,California,United States
803,Anne McFarland,Consumer,South,24153,Salem,Virginia,United States
804,Julie Kriz,Home Office,Central,55122,Eagan,Minnesota,United States
805,Steven Cartwright,Consumer,West,85345,Peoria,Arizona,United States
806,Ken Heidel,Corporate,East,20735,Clinton,Maryland,United States
807,Dennis Kane,Consumer,West,98105,Seattle,Washington,United States
808,Thomas Boland,Corporate,South,27893,Wilson,North Carolina,United States
809,Anthony Rawles,Corporate,East,10009,New York City,New York,United States
810,Denny Ordway,Consumer,East,10035,New York City,New York,United States
811,Bart Watters,Corporate,West,92105,San Diego,California,United States
812,Roland Schwarz,Corporate,East,43302,Marion,Ohio,United States
813,Emily Phan,Consumer,West,94122,San Francisco,California,United States
814,Ionia McGrath,Consumer,West,94122,San Francisco,California,United States
815,Cyra Reiten,Home Office,Central,77041,Houston,Texas,United States
816,Ralph Arnett,Consumer,West,92037,San Diego,California,United States
817,Dan Campbell,Consumer,South,38109,Memphis,Tennessee,United States
818,Andrew Gjertsen,Corporate,East,19140,Philadelphia,Pennsylvania,United States
819,Edward Becker,Corporate,South,35244,Hoover,Alabama,United States
820,Ruben Dartt,Consumer,Central,48127,Dearborn Heights,Michigan,United States
821,Naresj Patel,Consumer,East,10024,New York City,New York,United States
822,Ken Black,Corporate,West,97504,Medford,Oregon,United States
823,Kimberly Carter,Corporate,South,32303,Tallahassee,Florida,United States
824,Fred Chung,Corporate,Central,60610,Chicago,Illinois,United States
825,Ryan Akin,Consumer,South,33178,Miami,Florida,United States
826,Katrina Willman,Consumer,Central,60653,Chicago,Illinois,United States
827,Marina Lichtenstein,Corporate,West,90008,Los Angeles,California,United States
828,Ann Blume,Corporate,West,90004,Los Angeles,California,United States
829,Justin Ritter,Corporate,Central,47201,Columbus,Indiana,United States
830,Michelle Ellison,Corporate,West,98105,Seattle,Washington,United States
831,Shirley Jackson,Consumer,East,6824,Fairfield,Connecticut,United States
832,Catherine Glotzbach,Home Office,South,37620,Bristol,Tennessee,United States
833,William Brown,Consumer,West,92804,Anaheim,California,United States
834,Darren Budd,Corporate,West,90045,Los Angeles,California,United States
835,Roy Phan,Corporate,South,40475,Richmond,Kentucky,United States
836,Adam Bellavance,Home Office,East,10009,New York City,New York,United States
837,Chuck Magee,Consumer,West,94122,San Francisco,California,United States
838,David Philippe,Consumer,East,10035,New York City,New York,United States
839,Erica Hackney,Consumer,South,30076,Roswell,Georgia,United States
840,Aaron Hawkins,Corporate,West,94122,San Francisco,California,United States
841,Toby Ritter,Consumer,South,37211,Nashville,Tennessee,United States
842,Logan Currie,Consumer,South,22153,Springfield,Virginia,United States
843,Don Miller,Corporate,South,32137,Palm Coast,Florida,United States
844,Luke Foster,Consumer,West,90301,Inglewood,California,United States
845,Thomas Seio,Corporate,Central,60653,Chicago,Illinois,United States
846,Barry Weirich,Consumer,East,10035,New York City,New York,United States
847,Chad Sievert,Consumer,Central,78745,Austin,Texas,United States
848,Ed Braxton,Corporate,West,92105,San Diego,California,United States
849,Dan Campbell,Consumer,South,35630,Florence,Alabama,United States
850,Karen Ferguson,Home Office,West,92105,San Diego,California,United States
851,Katharine Harms,Corporate,East,10035,New York City,New York,United States
852,Charles Sheldon,Corporate,Central,52240,Iowa City,Iowa,United States
853,Steve Chapman,Corporate,Central,47374,Richmond,Indiana,United States
854,Patrick O'Donnell,Consumer,Central,46203,Indianapolis,Indiana,United States
855,Neola Schneider,Consumer,Central,75217,Dallas,Texas,United States
856,Greg Maxwell,Corporate,South,22304,Alexandria,Virginia,United States
857,William Brown,Consumer,East,10011,New York City,New York,United States
858,Stefania Perrino,Corporate,East,19134,Philadelphia,Pennsylvania,United States
859,Thomas Seio,Corporate,West,92503,Riverside,California,United States
860,Nora Preis,Consumer,East,10024,New York City,New York,United States
861,Paul Van Hugh,Home Office,West,90036,Los Angeles,California,United States
862,Shirley Schmidt,Home Office,East,19711,Newark,Delaware,United States
863,Victoria Brennan,Corporate,East,14609,Rochester,New York,United States
864,Karen Ferguson,Home Office,Central,46203,Indianapolis,Indiana,United States
865,Carl Ludwig,Consumer,East,2149,Everett,Massachusetts,United States
866,John Castell,Consumer,West,98115,Seattle,Washington,United States
867,Christopher Martinez,Consumer,Central,60610,Chicago,Illinois,United States
868,Ted Butterfield,Consumer,East,2169,Quincy,Massachusetts,United States
869,Tonja Turnell,Home Office,Central,77095,Houston,Texas,United States
870,Alejandro Savely,Corporate,Central,60067,Palatine,Illinois,United States
871,Michelle Tran,Home Office,Central,77041,Houston,Texas,United States
872,Kalyca Meade,Corporate,Central,66212,Overland Park,Kansas,United States
873,Brian Thompson,Consumer,Central,77041,Houston,Texas,United States
874,Thomas Thornton,Consumer,West,91911,Chula Vista,California,United States
875,Suzanne McNair,Corporate,East,19134,Philadelphia,Pennsylvania,United States
876,Bradley Drucker,Consumer,South,23602,Newport News,Virginia,United States
877,Alan Haines,Corporate,East,10024,New York City,New York,United States
878,Emily Ducich,Home Office,Central,77095,Houston,Texas,United States
879,Janet Lee,Consumer,South,34741,Kissimmee,Florida,United States
880,Fred Hopkins,Corporate,West,98115,Seattle,Washington,United States
881,Roland Schwarz,Corporate,Central,76706,Waco,Texas,United States
882,Michael Granlund,Home Office,West,97224,Tigard,Oregon,United States
883,Anne Pryor,Home Office,East,19140,Philadelphia,Pennsylvania,United States
884,Saphhira Shifley,Corporate,Central,75150,Mesquite,Texas,United States
885,Candace McMahon,Corporate,Central,79907,El Paso,Texas,United States
886,Dorothy Badders,Corporate,Central,76106,Fort Worth,Texas,United States
887,Saphhira Shifley,Corporate,South,31907,Columbus,Georgia,United States
888,Pauline Webber,Corporate,West,90049,Los Angeles,California,United States
889,Andy Gerbode,Corporate,East,10011,New York City,New York,United States
890,Maureen Gastineau,Home Office,East,44060,Mentor,Ohio,United States
891,Giulietta Weimer,Consumer,South,42420,Henderson,Kentucky,United States
892,James Lanier,Home Office,South,37421,Chattanooga,Tennessee,United States
