product_id,product_name,category,stock_level,reorder_level,supplier_id,last_updated
2,Fellowes Stor/Drawer Steel Plus Storage Drawers,Office Supplies,47,14,4832,2022-03-26 01:44:12.973195
36,Recycled Eldon Regeneration Jumbo File,Office Supplies,40,48,4476,2021-07-21 12:45:45.631579
37,Xerox 216,Office Supplies,63,3,4176,2019-09-28 08:16:27.418213
38,GBC Linen Binding Covers,Office Supplies,28,21,4902,2020-10-15 10:31:41.595328
39,"Telephone Message Books with Fax/Mobile Section, 5 1/2"" x 3 3/16""",Office Supplies,44,49,4574,2021-09-08 21:44:10.137593
40,Boston Home & Office Model 2000 Electric Pencil Sharpeners,Office Supplies,88,39,4916,2019-04-20 04:32:17.756903
41,Hoover Upright Vacuum With Dirt Cup,Office Supplies,58,5,4335,2020-10-19 06:40:16.480364
42,Belkin F9H710-06 7 Outlet SurgeMaster Surge Protector,Office Supplies,66,3,4661,2022-07-24 05:45:53.691085
43,Newell 331,Office Supplies,93,2,4737,2021-01-24 18:10:35.583304
44,Toshiba IPT2010-SD IPTelephone,Technology,45,39,4680,2019-01-21 10:41:48.442439
45,Xerox 1936,Office Supplies,82,19,4859,2022-11-20 11:01:08.630605
46,Hon 4070 Series Pagoda Round Back Stacking Chairs,Furniture,46,45,4569,2021-08-25 15:31:17.716494
47,Xerox 19,Office Supplies,71,24,4106,2020-04-04 21:23:30.356299
48,Avery 479,Office Supplies,57,27,4538,2019-04-18 13:17:18.028647
49,"Tenex 46"" x 60"" Computer Anti-Static Chairmat, Rectangular Shaped",Furniture,27,38,4974,2019-12-11 06:19:35.060152
50,Ricoh - Ink Collector Unit for GX3000 Series Printers,Technology,26,33,4992,2019-05-26 08:48:49.055746
51,"Iceberg Nesting Folding Chair, 19w x 6d x 43h",Furniture,56,18,4977,2021-12-11 08:14:42.875646
52,Ibico Plastic and Wire Spiral Binding Combs,Office Supplies,97,41,4534,2020-08-15 09:51:05.053077
53,Memorex Micro Travel Drive 32 GB,Technology,83,34,4125,2020-08-09 06:10:42.215539
54,Prang Colored Pencils,Office Supplies,57,46,4951,2022-05-12 19:07:54.018495
55,O'Sullivan Living Dimensions 3-Shelf Bookcases,Furniture,41,16,4121,2019-06-20 21:32:10.136456
56,Global Deluxe High-Back Manager's Chair,Furniture,85,17,4544,2019-02-05 08:39:36.437099
57,Boston Heavy-Duty Trimline Electric Pencil Sharpeners,Office Supplies,97,50,4272,2020-04-24 04:06:35.219477
58,Xerox 227,Office Supplies,10,26,5020,2022-08-06 04:39:25.855677
59,"C-Line Peel & Stick Add-On Filing Pockets, 8-3/4 x 5-1/8, 10/Pack",Office Supplies,80,17,4340,2022-03-03 22:45:47.657079
60,Recycled Eldon Regeneration Jumbo File,Office Supplies,25,26,4603,2020-12-28 15:53:26.14037
61,Memorex Micro Travel Drive 32 GB,Technology,34,40,4116,2019-10-05 05:48:58.357733
62,Avery 477,Office Supplies,65,48,4791,2022-12-16 07:51:07.877435
63,Avery 489,Office Supplies,30,42,4109,2019-01-08 23:13:17.407647
64,Xerox 2,Office Supplies,7,26,4744,2019-08-26 13:00:53.536558
65,Boston 16801 Nautilus Battery Pencil Sharpener,Office Supplies,97,12,4924,2019-11-18 02:09:26.586516
66,Geemarc AmpliPOWER60,Technology,88,45,4573,2020-04-30 05:42:02.636597
67,3-ring staple pack,Office Supplies,90,32,4758,2020-05-10 06:25:00.096235
68,Carina Double Wide Media Storage Towers in Natural & Black,Office Supplies,23,39,4151,2019-10-04 07:52:38.70524
69,"Global Fabric Manager's Chair, Dark Gray",Furniture,22,24,4133,2021-05-24 13:45:32.966631
70,Balt Split Level Computer Training Table,Furniture,35,4,4764,2019-11-30 18:51:49.190612
71,Penpower WorldCard Pro Card Scanner,Technology,84,46,4304,2021-09-08 05:14:56.468043
72,Mediabridge Sport Armband iPhone 5s,Technology,11,34,4978,2021-03-24 21:31:52.004902
73,Newell 348,Office Supplies,60,7,4555,2019-09-10 22:10:11.408342
74,Newell 334,Office Supplies,4,14,4673,2021-09-07 06:08:14.825744
75,Xerox 1883,Office Supplies,67,37,4371,2019-01-03 04:14:30.487154
76,Staple envelope,Office Supplies,18,8,4093,2019-05-05 09:09:36.698848
77,X-Rack File for Hanging Folders,Office Supplies,33,44,4858,2020-06-18 21:47:42.816568
78,"Global Airflow Leather Mesh Back Chair, Black",Furniture,60,25,4079,2019-04-06 10:01:32.597872
79,Avery Heavy-Duty EZD View Binder with Locking Rings,Office Supplies,32,9,4202,2019-05-19 00:24:58.068202
80,Nokia Lumia 521 (T-Mobile),Technology,55,27,4707,2021-12-11 10:01:13.773931
81,Logitech Wireless Performance Mouse MX for PC and Mac,Technology,61,39,4486,2021-09-08 07:19:14.503106
82,Xerox 1988,Office Supplies,61,41,5023,2020-08-10 22:19:32.972529
83,Belkin 6 Outlet Metallic Surge Strip,Office Supplies,4,48,4944,2022-10-09 22:42:52.190729
84,Design Ebony Sketching Pencil,Office Supplies,10,35,4296,2021-07-09 08:26:34.212129
85,Xerox 1913,Office Supplies,87,35,4656,2021-08-20 02:00:17.576565
86,"3M Polarizing Task Lamp with Clamp Arm, Light Gray",Furniture,89,40,4953,2021-06-25 17:06:17.347257
87,Global Low Back Tilter Chair,Furniture,4,20,4369,2019-01-31 16:35:47.734784
88,Acme Kleen Earth Office Shears,Office Supplies,65,9,4182,2021-08-16 14:30:00.372526
89,Boston 1900 Electric Pencil Sharpener,Office Supplies,98,44,4518,2022-12-16 13:38:20.962222
90,"SAFCO PlanMaster Boards, 60w x 37-1/2d, White Melamine",Furniture,15,1,4179,2021-09-25 12:31:24.629024
91,"Safco Value Mate Series Steel Bookcases, Baked Enamel Finish on Steel, Gray",Furniture,20,41,4358,2020-01-14 17:22:15.120431
92,Xerox 224,Office Supplies,70,5,4068,2020-04-14 11:04:00.267007
93,"Wirebound Message Books, Four 2 3/4 x 5 Forms per Page, 200 Sets per Book",Office Supplies,13,15,5007,2020-06-16 05:52:04.110893
94,Digium D40 VoIP phone,Technology,27,37,4143,2022-04-03 05:17:03.459265
95,Westinghouse Clip-On Gooseneck Lamps,Furniture,19,39,4132,2020-09-10 04:14:40.576344
96,High-Back Leather Manager's Chair,Furniture,5,10,4356,2019-04-21 00:33:27.727454
97,"Redi-Strip #10 Envelopes, 4 1/8 x 9 1/2",Office Supplies,39,49,4802,2021-01-01 22:46:54.934935
98,AT&T TR1909W,Technology,7,41,4468,2021-07-23 01:45:19.033729
99,Safco Industrial Wire Shelving System,Office Supplies,90,11,4580,2020-02-24 03:12:37.573104
100,O'Sullivan Living Dimensions 5-Shelf Bookcases,Furniture,25,5,4877,2022-12-26 05:54:18.049803
101,"Sauder Mission Library with Doors, Fruitwood Finish",Furniture,22,27,4296,2020-12-27 06:34:33.207814
102,"Boston Model 1800 Electric Pencil Sharpener, Gray",Office Supplies,91,40,4149,2022-06-01 10:23:35.663709
103,"Padded Folding Chairs, Black, 4/Carton",Furniture,53,29,4409,2019-07-14 02:44:38.975599
104,Imation30456 USBFlash Drive8GB,Technology,74,5,4561,2022-03-10 15:07:12.623359
105,Xerox 1912,Office Supplies,72,25,4932,2020-11-27 01:56:14.111794
106,Fellowes Bankers Box Stor/Drawer Steel Plus,Office Supplies,49,36,4931,2019-10-11 12:57:47.080712
107,Newell 309,Office Supplies,91,30,4110,2019-05-14 17:12:37.308378
108,Prestige Round Ring Binders,Office Supplies,23,27,4625,2022-06-04 16:52:11.520106
109,Cameo Buff Policy Envelopes,Office Supplies,88,37,4989,2019-06-19 15:40:22.731835
110,"Fellowes Twister Kit, Gray/Clear, 3/pkg",Office Supplies,14,45,4917,2020-12-14 03:45:11.164892
111,Standard Line While You Were Out Hardbound Telephone Message Book,Office Supplies,22,16,4436,2021-12-22 09:57:55.692083
112,Crayola Colored Pencils,Office Supplies,87,26,4988,2022-07-27 01:46:39.904883
113,"Fiskars 8"" Scissors, 2/Pack",Office Supplies,7,31,4195,2020-07-22 15:40:48.384948
114,Fellowes Super Stor/Drawer Files,Office Supplies,21,28,4397,2021-08-09 20:56:10.352312
115,Easy-staple paper,Office Supplies,67,43,4811,2021-07-25 07:25:33.059656
116,Plantronics Encore H101 Dual EarpiecesHeadset,Technology,73,19,4380,2019-08-25 19:27:51.656021
117,Newell 344,Office Supplies,11,29,4939,2021-08-29 03:19:50.762528
118,Imation16GB Mini TravelDrive USB 2.0Flash Drive,Technology,18,8,4695,2020-11-26 12:27:13.697788
119,"Performers Binder/Pad Holder, Black",Office Supplies,29,43,4841,2020-03-11 07:46:05.667831
120,"Wirebound Message Books, Four 2 3/4 x 5 White Forms per Page",Office Supplies,42,23,5044,2019-08-26 23:32:34.508468
121,"Acco PRESSTEX Data Binder with Storage Hooks, Dark Blue, 14 7/8"" X 11""",Office Supplies,77,18,4151,2022-04-21 15:32:30.821795
122,Panasonic KX TS208W Corded phone,Technology,76,18,4566,2020-08-15 19:12:38.81915
123,Deflect-o DuraMat Antistatic Studded Beveled Mat for Medium Pile Carpeting,Furniture,81,21,4676,2019-01-27 21:08:39.206199
124,Belkin F5C206VTEL 6 Outlet Surge,Office Supplies,86,19,4382,2019-07-10 10:29:58.611887
125,Fellowes Bankers Box Staxonsteel Drawer File/Stacking System,Office Supplies,75,49,4820,2019-06-02 05:23:01.425552
126,Tops Wirebound Message Log Books,Office Supplies,44,35,4258,2020-12-11 13:41:23.932102
127,Standard Rollaway File with Lock,Office Supplies,21,15,4601,2020-05-04 05:58:41.122139
128,Rosewill 107 Normal Keys USB Wired Standard Keyboard,Technology,100,36,4755,2020-04-30 22:20:35.554383
129,Samsung Galaxy S4 Mini,Technology,34,7,4392,2020-04-24 21:20:40.065832
130,LogitechMX Performance Wireless Mouse,Technology,86,4,4592,2022-07-20 01:48:46.508722
131,Letter Slitter,Office Supplies,48,12,4968,2019-08-23 15:14:22.096794
132,Southworth Parchment Paper & Envelopes,Office Supplies,1,38,4818,2021-09-01 10:33:25.708997
133,Wilson Jones Leather-Like Binders with DublLock Round Rings,Office Supplies,13,29,4812,2019-06-06 01:08:58.585526
134,"Global Leather and Oak Executive Chair, Black",Furniture,95,30,4807,2021-12-18 15:45:39.108451
135,Xerox 1968,Office Supplies,80,25,4190,2019-09-28 10:16:30.712856
136,Xerox 2,Office Supplies,34,20,4845,2020-04-02 06:53:18.866123
137,Xerox 220,Office Supplies,21,29,4117,2021-02-18 15:33:05.594514
138,Newell 35,Office Supplies,29,15,4461,2019-03-11 13:57:30.10896
139,Jensen SMPS-640 -speaker phone,Technology,96,42,4660,2020-03-18 21:28:21.578529
140,Logitech 910-002974 M325 Wireless Mouse for Web Scrolling,Technology,99,11,4427,2021-01-10 02:27:08.659171
141,Great White Multi-Use Recycled Paper (20Lb. and 84 Bright),Office Supplies,36,41,4430,2020-09-03 01:25:08.378473
142,Wilson Jones 14 Line Acrylic Coated Pressboard Data Binders,Office Supplies,36,4,4718,2020-12-10 05:21:14.931779
143,Easy-staple paper,Office Supplies,17,23,4667,2021-06-17 20:11:39.387071
144,Acme Office Executive Series Stainless Steel Trimmers,Office Supplies,20,19,4530,2021-10-18 10:47:43.248201
145,Martin-Yale Premier Letter Opener,Office Supplies,73,25,4474,2019-04-18 10:12:08.585403
146,"Carina 42""Hx23 3/4""W Media Storage Unit",Office Supplies,8,50,4512,2020-11-19 19:46:35.464673
147,WD My Passport Ultra 2TB Portable External Hard Drive,Technology,30,6,4940,2020-10-03 16:27:52.308297
148,Hoover Commercial SteamVac,Office Supplies,46,19,4887,2021-09-26 06:38:21.094636
149,Fellowes Advanced Computer Series Surge Protectors,Office Supplies,66,6,4927,2022-01-30 07:22:58.528293
150,Wilson Jones Impact Binders,Office Supplies,81,28,4785,2019-06-07 16:50:44.361039
151,Eldon Portable Mobile Manager,Office Supplies,41,26,4758,2019-11-24 04:13:33.116772
152,Xerox 1994,Office Supplies,99,35,4641,2022-02-17 14:28:08.637463
153,Hon 5100 Series Wood Tables,Furniture,46,28,4854,2022-11-30 10:36:44.02535
154,Plantronics S12 Corded Telephone Headset System,Technology,36,31,4367,2021-11-23 23:59:20.68031
155,Xerox 1944,Office Supplies,68,28,4553,2020-04-15 00:25:22.123358
156,Xerox 211,Office Supplies,12,47,4531,2020-11-22 05:14:43.955763
157,Staple envelope,Office Supplies,26,15,5043,2021-06-23 12:15:25.569773
158,Hon GuestStacker Chair,Furniture,39,38,4655,2020-11-26 02:49:15.491038
159,Riverleaf Stik-Withit Designer Note Cubes,Office Supplies,46,13,4658,2022-01-27 19:52:32.514569
160,Sauder Inglewood Library Bookcases,Furniture,56,15,4705,2022-08-01 15:37:24.223226
161,"Eldon Base for stackable storage shelf, platinum",Office Supplies,22,26,4088,2022-08-07 00:38:31.539519
162,Belkin 8 Outlet Surge Protector,Office Supplies,41,4,4762,2021-07-01 01:20:55.635581
163,Ibico Hi-Tech Manual Binding System,Office Supplies,57,14,4245,2021-06-08 06:26:38.088705
164,Xerox 230,Office Supplies,59,28,4173,2021-09-19 12:27:33.296316
165,GBC Personal VeloBind Strips,Office Supplies,68,45,4399,2020-12-04 12:45:36.739196
166,Logitech Wireless Headset H600 Over-The-Head Design,Technology,48,23,4149,2021-09-05 03:41:29.729577
167,G.E. Halogen Desk Lamp Bulbs,Furniture,3,49,4883,2021-06-22 02:07:40.5027
168,Accohide Poly Flexible Ring Binders,Office Supplies,96,25,4192,2019-05-11 15:02:38.287279
169,Memorex Micro Travel Drive 16 GB,Technology,76,46,4541,2022-05-20 13:37:04.243406
170,Harmony HEPA Quiet Air Purifiers,Office Supplies,57,38,4294,2019-10-31 03:21:43.762166
171,Eldon Portable Mobile Manager,Office Supplies,74,18,4059,2019-10-02 01:20:50.070689
172,Fellowes 8 Outlet Superior Workstation Surge Protector,Office Supplies,35,17,4401,2019-09-24 04:51:09.167045
173,GuestStacker Chair with Chrome Finish Legs,Furniture,35,50,4337,2019-01-28 10:51:11.577239
174,Advantus Map Pennant Flags and Round Head Tacks,Office Supplies,100,40,4447,2021-12-07 10:54:24.062201
175,Chromcraft Round Conference Tables,Furniture,86,48,4060,2019-08-13 05:53:07.15099
176,"Situations Contoured Folding Chairs, 4/Set",Furniture,29,7,4691,2020-03-04 09:08:32.86428
177,BIC Liqua Brite Liner,Office Supplies,71,18,4164,2020-10-13 02:41:12.896591
178,Imation Bio 8GB USBFlash Drive ImationCorp,Technology,95,1,4334,2019-07-24 14:03:52.320011
179,Smead Alpha-Z Color-Coded Second Alphabetical Labels and Starter Set,Office Supplies,59,16,4351,2020-05-01 07:09:06.705881
180,Xerox 1931,Office Supplies,93,35,4685,2022-10-01 19:08:12.07965
181,KI Adjustable-Height Table,Furniture,71,12,4836,2021-02-26 11:52:39.649763
182,"Elite 5"" Scissors",Office Supplies,40,4,4712,2022-06-07 16:48:26.909873
183,Hon 5100 Series Wood Tables,Furniture,79,18,4636,2022-08-28 18:24:19.004922
184,Colored Push Pins,Office Supplies,96,7,5024,2019-06-28 22:40:35.408705
185,Iris Project Case,Office Supplies,67,37,4124,2021-03-28 19:06:56.096364
186,Belkin 5 Outlet SurgeMaster Power Centers,Office Supplies,11,8,4875,2022-10-31 19:52:59.816833
187,Steel Personal Filing/Posting Tote,Office Supplies,74,41,4705,2020-03-05 04:56:18.97192
188,Serrated Blade or Curved Handle Hand Letter Openers,Office Supplies,86,11,4587,2021-01-12 13:43:52.741078
189,Square Credit Card Reader,Technology,86,17,4429,2020-01-29 20:15:40.920786
190,"Premier Elliptical Ring Binder, Black",Office Supplies,4,13,4171,2019-12-06 14:16:10.129039
191,O'Sullivan Living Dimensions 2-Shelf Bookcases,Furniture,39,6,4997,2020-08-29 02:42:30.55014
192,Bevis Rectangular Conference Tables,Furniture,84,12,4347,2021-08-01 11:52:46.993815
193,Staples in misc. colors,Office Supplies,58,48,4750,2019-06-15 22:50:48.611147
194,4009 Highlighters by Sanford,Office Supplies,67,26,4682,2021-10-28 03:53:54.8647
195,Belkin 8 Outlet SurgeMaster II Gold Surge Protector,Office Supplies,17,34,4884,2019-10-11 22:05:07.928637
196,Staple envelope,Office Supplies,36,4,4980,2021-07-01 15:39:15.899038
197,"Acco Smartsocket Table Surge Protector, 6 Color-Coded Adapter Outlets",Office Supplies,59,39,4853,2021-03-20 05:02:04.035964
198,Xerox 1893,Office Supplies,55,4,4499,2022-06-19 17:07:44.216193
199,Tensor Computer Mounted Lamp,Furniture,37,28,4374,2021-07-23 22:59:45.74907
200,Staples,Office Supplies,33,43,4276,2020-04-06 22:42:25.51004
201,"Floodlight Indoor Halogen Bulbs, 1 Bulb per Pack, 60 Watts",Furniture,67,24,4212,2022-08-17 03:46:07.382486
202,Newell 336,Office Supplies,84,14,4189,2019-11-08 19:31:34.391233
203,Acco Suede Grain Vinyl Round Ring Binder,Office Supplies,67,23,4716,2021-07-28 16:26:25.538269
204,Staple-based wall hangings,Furniture,77,5,4087,2019-10-02 16:37:04.3228
205,LG Electronics Tone+ HBS-730 Bluetooth Headset,Technology,56,46,4869,2022-12-15 13:20:29.230282
206,24-Hour Round Wall Clock,Furniture,86,38,4223,2019-08-05 06:21:26.767786
207,GBC Wire Binding Combs,Office Supplies,29,7,4952,2021-08-18 03:20:55.254976
208,Xerox 2000,Office Supplies,69,31,4788,2021-12-01 13:53:31.686042
209,Xerox 193,Office Supplies,90,48,4338,2021-08-15 03:38:29.629147
210,"Global Value Mid-Back Manager's Chair, Gray",Furniture,31,46,4305,2021-08-21 14:49:22.038156
211,Hon Valutask Swivel Chairs,Furniture,95,32,4887,2019-12-04 13:50:41.596229
212,Avaya 4621SW VoIP phone,Technology,89,43,4383,2019-09-06 17:00:25.977128
213,Newell 312,Office Supplies,88,13,4371,2020-05-18 13:10:09.899867
214,Xerox 217,Office Supplies,38,3,4054,2022-09-02 16:41:46.841574
215,Xerox 1911,Office Supplies,85,33,4263,2020-01-22 18:53:11.646828
216,Manco Dry-Lighter Erasable Highlighter,Office Supplies,51,27,4637,2019-12-21 07:24:46.294597
217,Nontoxic Chalk,Office Supplies,42,1,4765,2019-02-13 11:43:02.947438
218,Wilson Jones Turn Tabs Binder Tool for Ring Binders,Office Supplies,3,48,4498,2019-02-23 03:23:59.921252
219,Staple-on labels,Office Supplies,29,12,4775,2022-12-17 03:33:29.26577
220,Texas Instruments TI-34 Scientific Calculator,Technology,86,35,4101,2022-01-21 18:01:13.736321
221,"#10 White Business Envelopes,4 1/8 x 9 1/2",Office Supplies,25,45,4880,2019-11-09 18:01:58.520836
222,Fellowes Bankers Box Staxonsteel Drawer File/Stacking System,Office Supplies,84,4,4161,2019-02-21 16:22:31.708823
223,Acme Rosewood Handle Letter Opener,Office Supplies,3,14,4151,2022-07-23 17:31:42.705305
224,Panasonic KX TS3282W Corded phone,Technology,68,21,4428,2020-03-31 16:33:31.912427
225,Lenovo 17-Key USB Numeric Keypad,Technology,22,6,4265,2019-04-30 14:10:33.485376
226,Contemporary Wood/Metal Frame,Furniture,90,3,4206,2020-12-02 06:25:34.301006
227,Rush Hierlooms Collection Rich Wood Bookcases,Furniture,91,13,4563,2021-05-17 13:12:58.251781
228,Flat Face Poster Frame,Furniture,40,9,4662,2022-01-25 22:33:46.666438
229,"Tennsco Lockers, Gray",Office Supplies,36,2,4110,2020-05-17 10:33:42.073273
230,"Howard Miller 14-1/2"" Diameter Chrome Round Wall Clock",Furniture,4,25,4917,2020-03-26 07:15:06.518516
231,Kensington Expert Mouse Optical USB Trackball for PC or Mac,Technology,73,37,4628,2022-05-26 04:38:44.607348
232,"Brites Rubber Bands, 1 1/2 oz. Box",Office Supplies,91,50,4188,2021-06-30 23:09:50.959891
233,"Acco Pressboard Covers with Storage Hooks, 14 7/8"" x 11"", Light Blue",Office Supplies,80,5,4159,2020-11-18 17:00:19.515467
234,Easy-staple paper,Office Supplies,83,20,4789,2022-03-21 06:31:18.267352
235,GBC Wire Binding Strips,Office Supplies,6,17,4157,2019-01-06 04:13:11.760045
236,Sony 8GB Class 10 Micro SDHC R40 Memory Card,Technology,37,22,4679,2019-08-30 06:35:01.568295
237,Surelock Post Binders,Office Supplies,100,30,4275,2021-07-10 00:13:47.423736
238,Martin-Yale Premier Letter Opener,Office Supplies,90,23,4463,2022-10-17 11:28:02.987011
239,Wilson Jones International Size A4 Ring Binders,Office Supplies,8,48,4402,2022-05-13 00:10:59.345832
240,Staples,Office Supplies,5,12,4939,2022-01-10 05:38:39.679211
241,Fellowes Superior 10 Outlet Split Surge Protector,Office Supplies,85,12,4424,2020-09-23 14:32:57.330463
242,Fellowes Bankers Box Recycled Super Stor/Drawer,Office Supplies,11,27,4907,2019-12-12 11:08:33.512331
243,Ibico Hi-Tech Manual Binding System,Office Supplies,5,2,4197,2021-02-01 13:09:01.519881
244,Lumber Crayons,Office Supplies,78,19,4505,2021-07-05 22:26:19.277875
245,Xerox 1946,Office Supplies,66,35,4870,2022-05-24 02:00:39.887054
246,Maxell DVD-RAM Discs,Technology,84,18,4816,2022-12-28 19:53:10.080011
247,Acme Kleen Earth Office Shears,Office Supplies,82,4,4711,2019-09-27 02:59:47.256165
248,Standard Line While You Were Out Hardbound Telephone Message Book,Office Supplies,96,7,5001,2020-12-04 08:29:14.033245
249,Easy-staple paper,Office Supplies,4,31,4317,2022-07-01 03:00:44.083226
250,HTC One Mini,Technology,98,26,4274,2019-06-11 05:23:31.964112
251,Deluxe Chalkboard Eraser Cleaner,Office Supplies,22,23,4722,2021-03-27 11:06:59.991563
252,"Bevis Round Bullnose 29"" High Table Top",Furniture,3,41,4986,2020-05-12 17:33:24.206378
253,Newell 346,Office Supplies,33,42,5026,2022-01-21 03:07:46.349373
254,Revere Boxed Rubber Bands by Revere,Office Supplies,37,11,4584,2019-03-17 06:13:49.169216
255,HP Standard 104 key PS/2 Keyboard,Technology,79,32,4408,2020-05-31 23:37:49.541058
256,"Rubbermaid ClusterMat Chairmats, Mat Size- 66"" x 60"", Lip 20"" x 11"" -90 Degree Angle",Furniture,41,47,4506,2020-07-08 05:39:40.456189
257,Nu-Dell EZ-Mount Plastic Wall Frames,Furniture,94,39,4273,2020-02-23 09:39:48.515551
258,LogitechLS21 Speaker System - PC Multimedia - 2.1-CH - Wired,Technology,4,2,4646,2019-07-30 11:44:20.015401
259,Bretford Rectangular Conference Table Tops,Furniture,74,19,4532,2021-03-16 16:52:30.986024
260,Xerox 232,Office Supplies,33,29,4907,2021-06-02 08:22:36.83199
261,Wilson Jones Century Plastic Molded Ring Binders,Office Supplies,97,24,4064,2021-06-11 02:00:51.9223
262,"Wilson Jones 1"" Hanging DublLock Ring Binders",Office Supplies,20,28,4819,2021-11-21 08:32:12.378614
263,Hoover Portapower Portable Vacuum,Office Supplies,22,32,4508,2022-06-22 05:16:16.57611
264,"Fellowes Mobile File Cart, Black",Office Supplies,47,6,4127,2022-06-10 13:16:33.674119
265,Zipper Ring Binder Pockets,Office Supplies,41,4,4429,2020-05-28 08:40:14.92068
266,KI Conference Tables,Furniture,61,26,4332,2022-02-10 02:59:44.646561
267,Belkin Premiere Surge Master II 8-outlet surge protector,Office Supplies,66,12,4993,2020-04-09 08:57:27.763111
268,Wilson Jones Easy Flow II Sheet Lifters,Office Supplies,59,28,4298,2020-07-21 15:51:01.220749
269,VTech DS6151,Technology,80,20,4781,2019-07-04 20:16:20.013593
270,Storex Dura Pro Binders,Office Supplies,81,21,4869,2022-05-30 03:42:52.689752
271,Wilson Jones Snap Scratch Pad Binder Tool for Ring Binders,Office Supplies,3,47,4503,2019-08-09 22:39:32.273935
272,"Tenex Traditional Chairmats for Hard Floors, Average Lip, 36"" x 48""",Furniture,45,11,4247,2022-03-06 04:31:21.527459
273,Xerox 1916,Office Supplies,49,45,4652,2020-02-28 13:33:12.500983
274,"Speediset Carbonless Redi-Letter 7"" x 8 1/2""",Office Supplies,22,33,4130,2019-08-17 09:35:30.45722
275,Logitech Trackman Marble Mouse,Technology,17,31,4566,2022-02-25 03:12:07.049478
276,Xerox 23,Office Supplies,63,28,4630,2019-11-08 07:15:51.566766
277,Griffin GC17055 Auxiliary Audio Cable,Technology,57,37,4531,2019-02-23 05:51:58.39791
278,Prang Drawing Pencil Set,Office Supplies,8,49,4276,2019-07-19 19:04:45.99149
279,Avoid Verbal Orders Carbonless Minifold Book,Office Supplies,82,3,4841,2019-12-12 17:05:54.881956
280,"Avery Flip-Chart Easel Binder, Black",Office Supplies,16,35,4166,2021-09-11 06:18:54.365723
281,"Ultra Door Kickplate, 8""H x 34""W",Furniture,58,10,4399,2021-05-07 00:51:44.124524
282,Safco Contoured Stacking Chairs,Furniture,23,13,4165,2021-02-23 03:44:45.695263
283,StarTech.com 10/100 VDSL2 Ethernet Extender Kit,Technology,92,7,4769,2020-06-21 20:40:33.252712
284,OIC Bulk Pack Metal Binder Clips,Office Supplies,17,42,4911,2020-09-21 02:46:00.31581
285,Samsung Rugby III,Technology,60,6,4205,2019-10-01 05:46:51.474024
286,Hon Valutask Swivel Chairs,Furniture,54,46,4819,2021-12-20 14:11:44.819581
287,"Adams ""While You Were Out"" Message Pads",Office Supplies,96,41,4876,2021-03-14 05:29:15.968116
288,"Canon Color ImageCLASS MF8580Cdw Wireless Laser All-In-One Printer, Copier, Scanner",Technology,90,15,4509,2022-08-17 20:57:14.878872
289,GBC Instant Report Kit,Office Supplies,62,45,4848,2020-02-14 23:34:22.702547
290,Xerox 205,Office Supplies,49,5,5015,2022-09-10 23:06:44.639429
291,"Wirebound Message Books, Two 4 1/4"" x 5"" Forms per Page",Office Supplies,93,4,4637,2021-05-20 05:01:29.18676
292,Office Star - Contemporary Task Swivel Chair,Furniture,13,8,4823,2022-02-16 21:39:18.103273
293,"Binney & Smith Crayola Metallic Colored Pencils, 8-Color Set",Office Supplies,78,20,5005,2019-07-10 21:57:14.646481
294,Martin-Yale Premier Letter Opener,Office Supplies,75,19,4996,2020-03-08 19:51:09.025029
295,"Holmes Replacement Filter for HEPA Air Cleaner, Medium Room",Office Supplies,49,48,5043,2019-01-14 15:59:34.48451
296,Memorex Mini Travel Drive 64 GB USB 2.0 Flash Drive,Technology,40,18,4107,2019-07-25 06:34:24.978331
297,Staples in misc. colors,Office Supplies,33,33,4690,2020-09-05 13:36:46.934799
298,"Riverside Palais Royal Lawyers Bookcase, Royale Cherry Finish",Furniture,38,14,4137,2019-09-08 14:21:41.639935
299,Avery 509,Office Supplies,26,10,4373,2022-08-16 17:23:07.680058
300,"Acco Flexible ACCOHIDE Square Ring Data Binder, Dark Blue, 11 1/2"" X 14"" 7/8""",Office Supplies,98,36,4318,2021-03-09 01:01:01.264165
301,Tennsco Double-Tier Lockers,Office Supplies,70,38,4809,2021-12-23 16:23:54.241523
302,OIC Binder Clips,Office Supplies,25,47,4200,2019-06-23 03:30:39.08021
303,Logitech G600 MMO Gaming Mouse,Technology,61,23,4831,2022-04-16 20:39:25.925111
304,Fellowes Bankers Box Recycled Super Stor/Drawer,Office Supplies,7,14,5039,2020-09-18 03:42:49.639694
305,"Metal Folding Chairs, Beige, 4/Carton",Furniture,53,16,4195,2020-10-20 14:08:13.436747
306,Avery 512,Office Supplies,7,12,4182,2021-03-02 10:33:09.888365
307,Newell 341,Office Supplies,69,25,4940,2021-07-31 17:42:03.206402
308,GE 30524EE4,Technology,66,8,4496,2021-11-30 04:10:23.047091
309,Fellowes Super Stor/Drawer Files,Office Supplies,76,13,4446,2022-07-04 05:29:49.0189
310,"GBC Standard Recycled Report Covers, Clear Plastic Sheets",Office Supplies,15,43,4802,2019-05-18 18:41:45.318685
311,Economy Rollaway Files,Office Supplies,19,22,4573,2022-03-13 08:22:15.93686
312,Catalog Binders with Expanding Posts,Office Supplies,96,26,4689,2020-05-04 10:56:00.683511
313,Avery 52,Office Supplies,69,19,4310,2021-03-08 06:22:53.496557
314,"Black Avery Memo-Size 3-Ring Binder, 5 1/2"" x 8 1/2""",Office Supplies,56,49,4480,2020-07-09 13:41:51.244128
315,"Sortfiler Multipurpose Personal File Organizer, Black",Office Supplies,72,5,4151,2022-06-24 13:49:18.723744
316,Eldon File Chest Portable File,Office Supplies,19,38,4277,2022-09-08 06:59:54.164438
317,Global Comet Stacking Armless Chair,Furniture,28,19,4529,2021-12-06 10:25:35.866701
318,Memorex Micro Travel Drive 4 GB,Technology,34,41,4555,2020-03-05 12:54:15.012635
319,Crayola Colored Pencils,Office Supplies,6,25,4282,2021-10-22 04:25:25.787902
320,Advantus SlideClip Paper Clips,Office Supplies,60,48,5051,2022-07-05 15:39:05.288345
321,"Verbatim 25 GB 6x Blu-ray Single Layer Recordable Disc, 25/Pack",Technology,19,11,4492,2021-01-04 18:27:02.60629
322,Deluxe Rollaway Locking File with Drawer,Office Supplies,80,29,4443,2019-05-21 00:46:19.940524
323,Longer-Life Soft White Bulbs,Furniture,24,45,4152,2021-07-02 16:09:26.221325
324,"Eldon Stackable Tray, Side-Load, Legal, Smoke",Furniture,59,42,4897,2020-09-04 09:48:44.48831
325,Xerox 1964,Office Supplies,99,12,4790,2022-09-22 00:45:40.626013
326,"Atlantic Metals Mobile 5-Shelf Bookcases, Custom Colors",Furniture,6,10,4462,2021-02-04 00:17:21.955151
327,Hon 2111 Invitation Series Corner Table,Furniture,95,14,4962,2019-09-27 07:23:02.210118
328,Google Nexus 5,Technology,68,49,4338,2020-09-26 17:05:08.541299
329,"Premium Transparent Presentation Covers, No Pattern/Clear, 8 1/2"" x 11""",Office Supplies,98,1,4787,2022-01-20 04:01:09.033518
330,"Sauder Forest Hills Library with Doors, Woodland Oak Finish",Furniture,88,29,4680,2022-08-20 17:44:59.023691
331,Fellowes Basic Home/Office Series Surge Protectors,Office Supplies,82,29,4657,2022-09-25 10:34:19.057252
332,Great White Multi-Use Recycled Paper (20Lb. and 84 Bright),Office Supplies,60,35,4857,2021-11-04 07:09:42.522477
333,"Avery Address/Shipping Labels for Typewriters, 4"" x 2""",Office Supplies,54,5,4124,2020-04-23 12:31:04.234764
334,PayAnywhere Card Reader,Technology,84,37,4168,2021-05-25 01:27:39.195041
335,"Lesro Sheffield Collection Coffee Table, End Table, Center Table, Corner Table",Furniture,4,41,4790,2020-10-19 00:53:32.791915
336,Colorific Watercolor Pencils,Office Supplies,77,39,4521,2019-07-09 09:09:54.629711
337,"Acco 7-Outlet Masterpiece Power Center, Wihtout Fax/Phone Line Protection",Office Supplies,8,2,4324,2021-09-10 04:29:42.389118
338,ImationSecure+ Hardware Encrypted USB 2.0Flash Drive; 16GB,Technology,76,40,4670,2019-07-03 03:01:19.945061
339,Xerox 1952,Office Supplies,53,29,4498,2020-02-08 23:37:56.551807
340,Hon Racetrack Conference Tables,Furniture,69,42,4252,2020-03-14 17:53:18.20241
341,Ibico Recycled Linen-Style Covers,Office Supplies,69,34,4984,2019-03-21 14:20:27.418272
342,Xerox 1975,Office Supplies,34,44,4962,2022-07-17 09:00:46.550721
343,Avery White Multi-Purpose Labels,Office Supplies,49,22,4909,2021-10-11 09:04:12.982807
344,"Green Canvas Binder for 8-1/2"" x 14"" Sheets",Office Supplies,73,5,4518,2019-06-28 13:25:45.607691
345,Newell 322,Office Supplies,5,38,4971,2021-02-19 11:40:10.478677
346,"Global Leather Task Chair, Black",Furniture,93,35,4387,2019-04-22 19:54:37.096539
347,GE DSL Phone Line Filter,Technology,5,29,4345,2022-02-21 15:01:21.633015
348,Black & Decker Filter for Double Action Dustbuster Cordless Vac BLDV7210,Office Supplies,36,23,4146,2022-01-27 08:59:28.774287
349,GBC Plasticlear Binding Covers,Office Supplies,12,43,5018,2022-12-22 13:19:19.441014
350,Martin-Yale Premier Letter Opener,Office Supplies,53,30,4210,2021-05-09 09:27:16.343807
351,"Acme Hot Forged Carbon Steel Scissors with Nickel-Plated Handles, 3 7/8"" Cut, 8""L",Office Supplies,25,39,4768,2019-07-30 08:39:01.911966
352,Konftel 250 Conferencephone- Charcoal black,Technology,52,30,4509,2020-06-04 15:07:52.294522
353,Eldon Mobile Mega Data Cart  Mega Stackable  Add-On Trays,Office Supplies,75,12,4236,2022-04-15 23:47:29.246593
354,Cisco SPA 502G IP Phone,Technology,4,20,4293,2021-01-05 09:56:47.190532
355,Newell 333,Office Supplies,42,38,4634,2019-08-19 06:15:42.321968
356,Boston Heavy-Duty Trimline Electric Pencil Sharpeners,Office Supplies,33,12,4064,2022-08-20 21:05:55.035238
357,Panasonic KX-TG9471B,Technology,79,44,4611,2020-07-03 08:59:33.082228
358,"Angle-D Binders with Locking Rings, Label Holders",Office Supplies,98,40,4921,2022-12-04 22:24:53.729963
359,"Sauder Mission Library with Doors, Fruitwood Finish",Furniture,28,33,4240,2020-06-25 14:14:18.532844
360,Belkin Premiere Surge Master II 8-outlet surge protector,Office Supplies,20,19,4567,2022-04-04 05:50:27.288468
361,"Avery Durable Slant Ring Binders, No Labels",Office Supplies,19,48,5009,2019-11-22 11:22:52.963209
362,Motorola L804,Technology,5,14,4879,2019-11-29 08:38:51.279755
363,Avery 499,Office Supplies,66,15,5039,2022-05-27 02:30:47.71391
364,"Green Canvas Binder for 8-1/2"" x 14"" Sheets",Office Supplies,63,38,4054,2021-07-24 01:57:23.532623
365,Self-Adhesive Removable Labels,Office Supplies,97,48,4567,2021-02-20 16:45:18.679138
366,Xerox 189,Office Supplies,46,2,4629,2019-10-24 16:15:11.254993
367,Strathmore Photo Frame Cards,Office Supplies,46,9,4852,2020-11-30 12:19:17.291014
368,Hon Multipurpose Stacking Arm Chairs,Furniture,13,2,4459,2021-09-05 13:14:58.793465
369,Wilson Jones Century Plastic Molded Ring Binders,Office Supplies,7,5,4885,2020-09-28 17:14:57.648081
370,Boston KS Multi-Size Manual Pencil Sharpener,Office Supplies,84,50,4640,2021-01-10 12:22:33.062999
371,Wilson Jones Leather-Like Binders with DublLock Round Rings,Office Supplies,75,9,4816,2021-08-21 00:58:19.928605
372,"Eaton Premium Continuous-Feed Paper, 25% Cotton, Letter Size, White, 1000 Shts/Box",Office Supplies,74,41,4560,2020-10-29 17:23:01.695228
373,"OIC Binder Clips, Mini, 1/4"" Capacity, Black",Office Supplies,9,9,4303,2022-02-06 06:02:35.867218
374,"Carina Mini System Audio Rack, Model AR050B",Office Supplies,27,19,4240,2021-03-31 05:54:30.946073
375,Office Star Flex Back Scooter Chair with Aluminum Finish Frame,Furniture,81,34,4148,2022-07-24 17:45:31.864146
376,Hon Olson Stacker Chairs,Furniture,62,15,4411,2019-08-10 15:08:00.006504
377,"C-Line Magnetic Cubicle Keepers, Clear Polypropylene",Furniture,28,30,4951,2022-02-25 13:37:19.918626
378,Hewlett Packard 610 Color Digital Copier / Printer,Technology,21,35,4443,2021-07-14 19:34:34.966961
379,KLD Oscar II Style Snap-on Ultra Thin Side Flip Synthetic Leather Cover Case for HTC One HTC M7,Technology,3,45,4845,2021-05-14 16:22:26.174745
380,Xerox 1908,Office Supplies,80,25,4680,2020-10-21 15:37:16.608368
381,"Sanyo Counter Height Refrigerator with Crisper, 3.6 Cubic Foot, Stainless Steel/Black",Office Supplies,12,30,4730,2022-11-03 03:20:56.538408
382,Fellowes Officeware Wire Shelving,Office Supplies,73,49,4650,2020-01-27 13:39:06.421746
383,Xerox 1898,Office Supplies,52,33,4480,2021-11-10 10:49:34.375276
384,Belkin QODE FastFit Bluetooth Keyboard,Technology,13,17,4562,2020-07-10 03:27:33.430689
385,DAX Solid Wood Frames,Furniture,6,44,4651,2022-04-24 18:33:54.810726
386,Jawbone JAMBOX Wireless Bluetooth Speaker,Technology,26,31,4918,2022-06-22 20:26:23.22453
387,Eldon Wave Desk Accessories,Furniture,44,2,4267,2019-11-16 15:56:15.138669
388,Logitech G600 MMO Gaming Mouse,Technology,4,18,4320,2021-08-29 07:56:10.183927
389,"Global Leather Task Chair, Black",Furniture,80,20,4686,2021-09-07 02:50:44.383592
390,"Personal Folder Holder, Ebony",Office Supplies,79,36,4401,2022-03-16 04:09:24.245516
391,"#10 White Business Envelopes,4 1/8 x 9 1/2",Office Supplies,35,23,4281,2022-12-30 21:54:37.688824
392,Binding Machine Supplies,Office Supplies,24,34,5026,2020-06-03 12:43:56.72866
393,BIC Brite Liner Highlighters,Office Supplies,61,14,4640,2019-05-22 18:13:42.760961
394,Advantus Plastic Paper Clips,Office Supplies,63,37,4561,2021-11-10 01:56:38.731064
395,Avery 508,Office Supplies,66,38,4859,2019-12-02 03:22:31.550021
396,Sabrent 4-Port USB 2.0 Hub,Technology,38,19,4080,2020-09-20 18:11:09.823734
397,DIXON Oriole Pencils,Office Supplies,75,22,4404,2022-11-30 22:16:04.399339
398,"Howard Miller 14-1/2"" Diameter Chrome Round Wall Clock",Furniture,13,35,4112,2022-10-01 05:08:32.009818
399,Staple holder,Office Supplies,90,2,4805,2020-06-09 03:06:45.363909
400,Acco 3-Hole Punch,Office Supplies,19,41,4988,2022-10-04 04:32:39.259071
401,"Wilson Jones Hanging View Binder, White, 1""",Office Supplies,95,22,4846,2021-05-19 01:20:55.096793
402,Chromcraft Rectangular Conference Tables,Furniture,57,20,4490,2019-06-16 20:35:09.351173
403,"6"" Cubicle Wall Clock, Black",Furniture,67,40,4292,2020-06-06 15:13:34.995564
404,Belkin F9S820V06 8 Outlet Surge,Office Supplies,88,23,4216,2021-10-02 19:04:49.71899
405,"Global Push Button Manager's Chair, Indigo",Furniture,46,7,4069,2021-10-04 04:01:14.869728
406,Avery Legal 4-Ring Binder,Office Supplies,81,6,4562,2022-05-28 04:55:45.08485
407,Xerox 1987,Office Supplies,24,34,4898,2019-06-20 21:06:19.926294
408,RCA Visys Integrated PBX 8-Line Router,Technology,30,47,4543,2019-08-04 18:07:54.838909
409,"Global Fabric Manager's Chair, Dark Gray",Furniture,94,37,4631,2022-11-25 04:18:03.288868
410,Recycled Eldon Regeneration Jumbo File,Office Supplies,20,19,4616,2022-03-21 16:34:58.268795
411,Newell 347,Office Supplies,96,11,4791,2021-09-06 16:06:40.006376
412,"DAX Value U-Channel Document Frames, Easel Back",Furniture,36,45,4127,2020-01-10 06:28:08.164562
413,Sony 16GB Class 10 Micro SDHC R40 Memory Card,Technology,94,6,4391,2021-12-04 21:14:30.679946
414,Ooma Telo VoIP Home Phone System,Technology,90,20,4302,2021-04-02 20:10:52.773028
415,Bush Advantage Collection Racetrack Conference Table,Furniture,27,48,4210,2022-05-10 01:42:47.652749
416,"Fellowes Premier Superior Surge Suppressor, 10-Outlet, With Phone and Remote",Office Supplies,60,45,4790,2021-12-20 08:50:38.169489
417,Kensington Expert Mouse Optical USB Trackball for PC or Mac,Technology,49,37,4438,2020-02-06 01:02:52.696206
418,Griffin GC17055 Auxiliary Audio Cable,Technology,16,46,4556,2021-01-30 15:54:03.716963
419,Xerox 202,Office Supplies,87,29,4320,2021-04-25 20:46:38.960811
420,O'Sullivan 2-Door Barrister Bookcase in Odessa Pine,Furniture,13,28,4476,2020-06-03 05:16:21.27221
421,"Fiskars 8"" Scissors, 2/Pack",Office Supplies,26,44,4703,2019-07-14 18:39:44.782539
422,Avery 486,Office Supplies,5,9,4074,2022-12-27 17:44:13.731433
423,Xerox 1987,Office Supplies,67,20,4176,2019-04-14 13:29:16.376606
424,Logitech ClearChat Comfort/USB Headset H390,Technology,52,29,4436,2020-02-10 08:10:36.527516
425,Premier Automatic Letter Opener,Office Supplies,100,25,4376,2020-08-23 13:33:28.66439
426,NETGEAR RangeMax WNR1000 Wireless Router,Technology,81,7,4446,2020-09-10 23:08:58.234776
427,"Eldon Image Series Desk Accessories, Burgundy",Furniture,86,9,4444,2020-02-15 20:22:20.140206
428,Fellowes Officeware Wire Shelving,Office Supplies,42,49,4156,2021-03-25 13:16:55.153624
429,Easy-staple paper,Office Supplies,6,25,4847,2019-06-26 18:43:01.882732
430,Kensington Expert Mouse Optical USB Trackball for PC or Mac,Technology,20,27,4461,2019-11-06 05:35:05.794416
431,Logitech Wireless Marathon Mouse M705,Technology,44,50,4957,2021-11-16 09:40:48.295087
432,"Howard Miller 13-3/4"" Diameter Brushed Chrome Round Wall Clock",Furniture,100,49,4258,2019-05-02 07:48:41.854132
433,O'Sullivan 2-Door Barrister Bookcase in Odessa Pine,Furniture,32,37,4912,2022-01-19 03:40:09.891716
434,"ACCOHIDE 3-Ring Binder, Blue, 1""",Office Supplies,82,17,4404,2021-07-04 23:55:54.107547
435,"Eldon 200 Class Desk Accessories, Smoke",Furniture,55,49,4379,2020-06-12 11:32:10.361578
436,Avery 492,Office Supplies,43,36,4918,2019-03-25 21:01:52.895271
437,Harbour Creations 67200 Series Stacking Chairs,Furniture,28,10,4472,2022-02-17 05:38:59.508068
438,Canon PC1080F Personal Copier,Technology,58,22,4446,2021-05-31 22:08:03.294791
439,Wilson Jones Hanging Recycled Pressboard Data Binders,Office Supplies,4,8,5052,2022-08-13 02:47:31.484676
440,Xerox 222,Office Supplies,24,9,4820,2022-08-12 03:35:00.626006
441,GBC DocuBind 200 Manual Binding Machine,Office Supplies,30,32,4151,2022-09-05 21:37:28.169099
442,Panasonic KX T7736-B Digital phone,Technology,97,46,4952,2021-04-23 23:28:31.398548
443,"Gould Plastics 9-Pocket Panel Bin, 18-3/8w x 5-1/4d x 20-1/2h, Black",Office Supplies,54,49,4081,2020-10-26 02:23:33.2947
444,"Acco Pressboard Covers with Storage Hooks, 14 7/8"" x 11"", Executive Red",Office Supplies,40,9,4754,2022-10-18 22:46:29.999885
445,"Angle-D Binders with Locking Rings, Label Holders",Office Supplies,70,36,4399,2021-06-04 17:36:00.539499
446,Xerox 1888,Office Supplies,10,50,4781,2019-08-16 16:10:17.445438
447,Plantronics S12 Corded Telephone Headset System,Technology,7,5,4787,2019-12-07 17:35:59.571911
448,Compact Automatic Electric Letter Opener,Office Supplies,63,35,4323,2022-02-07 23:24:22.638411
449,Stacking Trays by OIC,Furniture,63,18,4140,2021-05-07 20:51:41.758223
450,Xerox 1982,Office Supplies,97,44,4782,2021-08-18 09:45:30.998447
451,Cardinal Holdit Business Card Pockets,Office Supplies,36,13,4264,2022-10-16 20:05:14.303387
452,"GBC Prepunched Paper, 19-Hole, for Binding Systems, 24-lb",Office Supplies,55,21,4136,2020-03-29 16:13:31.694659
453,Wilson Jones Turn Tabs Binder Tool for Ring Binders,Office Supplies,100,6,4595,2022-08-13 13:45:40.927926
454,Avery 508,Office Supplies,56,23,4653,2020-08-31 19:16:57.606189
455,Bretford Rectangular Conference Table Tops,Furniture,78,24,5037,2021-03-20 15:49:54.344322
456,Newell 321,Office Supplies,71,19,4252,2022-03-29 05:08:37.416669
457,Xerox 1972,Office Supplies,23,41,4150,2020-03-11 11:26:51.231377
458,Avery 519,Office Supplies,35,22,4680,2019-03-20 00:55:10.988898
459,GBC DocuBind 300 Electric Binding Machine,Office Supplies,79,26,4325,2021-05-22 04:22:03.54662
460,Acco D-Ring Binder w/DublLock,Office Supplies,11,41,4438,2021-09-03 01:07:28.820246
461,Euro-Pro Shark Turbo Vacuum,Office Supplies,83,11,4323,2021-09-09 15:49:35.010916
462,First Data FD10 PIN Pad,Technology,11,2,4662,2020-01-28 14:52:08.741542
463,Mitel MiVoice 5330e IP Phone,Technology,63,32,4620,2021-05-09 20:42:07.455545
464,Xerox 213,Office Supplies,82,48,4690,2020-02-09 01:54:28.952828
465,Xerox 230,Office Supplies,92,46,4908,2022-04-23 03:51:34.920039
466,Eldon Wave Desk Accessories,Furniture,73,10,4327,2021-03-31 03:57:23.712111
467,Xerox 188,Office Supplies,74,41,4481,2022-12-20 20:35:55.463279
468,Angle-D Ring Binders,Office Supplies,85,13,4916,2022-05-04 00:39:39.880597
469,Memorex Mini Travel Drive 64 GB USB 2.0 Flash Drive,Technology,66,19,5043,2021-01-11 07:14:52.375138
470,Xerox 1919,Office Supplies,43,12,4731,2020-01-04 11:04:24.449984
471,"Sauder Camden County Barrister Bookcase, Planked Cherry Finish",Furniture,77,11,4742,2022-03-05 08:35:35.021522
472,Space Solutions HD Industrial Steel Shelving.,Office Supplies,40,26,4262,2019-12-30 23:51:17.001415
473,Avery 512,Office Supplies,78,23,4293,2020-12-25 04:24:53.793589
474,Fellowes Black Plastic Comb Bindings,Office Supplies,31,11,4526,2022-04-29 18:58:44.323019
475,Easy-staple paper,Office Supplies,25,20,4493,2022-01-15 11:16:50.182046
476,Logitech Mobile Speakerphone P710e -speaker phone,Technology,25,26,4169,2020-11-27 14:10:27.263582
477,Advantus Panel Wall Acrylic Frame,Furniture,6,44,4746,2022-10-22 20:22:56.875838
478,Fellowes Desktop Hanging File Manager,Office Supplies,57,31,4919,2020-08-03 10:13:53.276507
479,SAFCO Boltless Steel Shelving,Office Supplies,22,38,4508,2022-01-26 10:54:16.912107
480,Acme Value Line Scissors,Office Supplies,34,27,4840,2023-01-01 01:13:58.815609
481,"Computer Room Manger, 14""",Furniture,4,16,4320,2022-03-31 01:09:41.602849
482,"Atlantic Metals Mobile 5-Shelf Bookcases, Custom Colors",Furniture,1,1,4263,2021-11-03 08:19:31.999474
483,Hoover Commercial SteamVac,Office Supplies,49,47,5008,2019-08-23 15:14:22.640368
484,DXL Angle-View Binders with Locking Rings by Samsill,Office Supplies,83,31,4190,2021-01-07 00:32:27.918438
485,Toshiba IPT2010-SD IPTelephone,Technology,96,18,4392,2019-08-29 21:41:32.45256
486,Xerox 1990,Office Supplies,76,43,4742,2019-02-24 03:35:29.569707
487,Premium Transparent Presentation Covers by GBC,Office Supplies,97,17,4058,2022-10-21 10:24:50.588861
488,Catalog Binders with Expanding Posts,Office Supplies,41,2,4235,2021-12-03 07:13:33.25878
489,Xerox 1915,Office Supplies,56,13,4370,2021-02-28 10:40:31.445747
490,GE 30522EE2,Technology,40,21,4433,2022-07-10 18:44:39.454023
491,Tenex Antistatic Computer Chair Mats,Furniture,96,22,4863,2019-08-10 20:52:51.318637
492,Iceberg Mobile Mega Data/Printer Cart,Office Supplies,16,28,4599,2020-02-25 21:51:41.449174
493,"Square Ring Data Binders, Rigid 75 Pt. Covers, 11"" x 14-7/8""",Office Supplies,51,18,4650,2019-01-14 12:44:56.427072
494,Hanging Personal Folder File,Office Supplies,22,10,5028,2021-07-01 01:41:55.368669
495,Newell 333,Office Supplies,71,21,4749,2021-04-09 04:34:10.862764
496,Panasonic KX TS3282B Corded phone,Technology,7,42,4668,2019-01-14 13:31:44.846039
497,Sauder Barrister Bookcases,Furniture,33,32,4385,2021-05-22 22:13:21.626917
498,Xerox 209,Office Supplies,100,13,4396,2019-10-22 21:14:47.332956
499,Southworth 25% Cotton Premium Laser Paper and Envelopes,Office Supplies,50,43,4943,2021-01-13 10:12:18.448576
500,Fellowes Black Plastic Comb Bindings,Office Supplies,86,46,4184,2019-01-16 12:11:42.832104
501,Cisco Unified IP Phone 7945G VoIP phone,Technology,17,5,5004,2019-06-22 11:50:16.548593
502,Southworth 25% Cotton Premium Laser Paper and Envelopes,Office Supplies,74,50,5049,2021-10-01 02:39:40.872606
503,WD My Passport Ultra 2TB Portable External Hard Drive,Technology,34,24,4656,2019-04-29 04:36:31.671309
504,"Maxell Pro 80 Minute CD-R, 10/Pack",Technology,92,13,4945,2022-10-07 23:43:55.24753
505,Staple envelope,Office Supplies,77,21,4526,2020-02-03 15:55:09.126974
506,Adjustable Personal File Tote,Office Supplies,40,36,4703,2019-11-04 18:43:17.712038
507,"Acco Flexible ACCOHIDE Square Ring Data Binder, Dark Blue, 11 1/2"" X 14"" 7/8""",Office Supplies,81,17,4240,2019-04-07 02:19:08.398627
508,"Riverside Furniture Oval Coffee Table, Oval End Table, End Table with Drawer",Furniture,73,10,4591,2021-04-17 09:20:07.693546
509,"Trav-L-File Heavy-Duty Shuttle II, Black",Office Supplies,94,26,4786,2019-05-08 16:50:42.981926
510,Panasonic KX T7736-B Digital phone,Technology,74,30,4170,2022-07-22 05:26:03.18121
511,Kensington 7 Outlet MasterPiece HOMEOFFICE Power Control Center,Office Supplies,13,35,4143,2019-05-31 20:03:10.365431
512,Logitech ClearChat Comfort/USB Headset H390,Technology,60,50,4831,2021-11-29 01:37:07.90391
513,Plastic Binding Combs,Office Supplies,64,30,4994,2021-07-25 00:57:34.670611
514,GBC Premium Transparent Covers with Diagonal Lined Pattern,Office Supplies,56,18,4185,2022-03-19 22:28:55.306669
515,Fellowes Presentation Covers for Comb Binding Machines,Office Supplies,4,17,4926,2020-10-10 03:50:34.257615
516,Staple remover,Office Supplies,85,21,4336,2020-07-01 12:29:50.668999
517,Bestar Classic Bookcase,Furniture,60,33,4430,2021-10-30 09:37:43.778361
518,GBC Plastic Binding Combs,Office Supplies,44,34,5030,2021-03-18 02:55:40.816441
519,"Wilson Jones Clip & Carry Folder Binder Tool for Ring Binders, Clear",Office Supplies,55,38,5012,2021-07-09 14:54:16.999727
520,Jabra BIZ 2300 Duo QD Duo CordedHeadset,Technology,54,3,4875,2021-03-19 00:26:15.803873
521,Hunt Boston Vacuum Mount KS Pencil Sharpener,Office Supplies,62,9,4763,2019-12-15 07:58:01.801978
522,Tenex Antistatic Computer Chair Mats,Furniture,39,20,4280,2022-04-20 13:02:27.90508
523,"Avery Framed View Binder, EZD Ring (Locking), Navy, 1 1/2""",Office Supplies,99,50,4457,2021-07-14 06:13:46.591023
524,"Adams Phone Message Book, 200 Message Capacity, 8 1/16 x 11",Office Supplies,25,30,4971,2021-01-16 02:12:03.227436
525,Fellowes Superior 10 Outlet Split Surge Protector,Office Supplies,66,44,4684,2022-12-03 19:25:09.808314
526,Xerox 1945,Office Supplies,69,46,4633,2019-04-30 18:06:20.874892
527,Vinyl Sectional Post Binders,Office Supplies,18,18,4821,2022-09-19 03:52:16.373831
528,Belkin 7 Outlet SurgeMaster II,Office Supplies,55,27,4177,2019-02-01 03:20:36.822098
529,Cameo Buff Policy Envelopes,Office Supplies,4,32,4560,2022-08-12 01:14:54.331095
530,"Tyvek Interoffice Envelopes, 9 1/2"" x 12 1/2"", 100/Box",Office Supplies,88,23,5046,2020-08-02 03:51:33.180852
531,Staple envelope,Office Supplies,44,36,4098,2021-04-30 04:05:47.818008
532,Newell 333,Office Supplies,79,40,4543,2021-01-08 09:29:16.25726
533,"Howard Miller 16"" Diameter Gallery Wall Clock",Furniture,40,42,4935,2019-01-03 01:39:05.757037
534,"Acco Pressboard Covers with Storage Hooks, 14 7/8"" x 11"", Light Blue",Office Supplies,25,2,4072,2021-10-25 06:36:25.142834
535,"Office Star - Contemporary Task Swivel chair with Loop Arms, Charcoal",Furniture,20,42,4298,2019-03-07 21:40:17.912369
536,"DAX Contemporary Wood Frame with Silver Metal Mat, Desktop, 11 x 14 Size",Furniture,26,50,4774,2022-06-26 19:11:01.191039
537,Xerox 195,Office Supplies,31,7,4355,2019-06-16 16:55:25.438149
538,Boston 19500 Mighty Mite Electric Pencil Sharpener,Office Supplies,45,6,4078,2022-05-30 10:59:35.269075
539,KI Adjustable-Height Table,Furniture,15,17,4570,2019-07-07 03:14:21.729078
540,Deluxe Rollaway Locking File with Drawer,Office Supplies,77,1,4539,2021-08-24 09:29:49.842301
541,Xerox 1906,Office Supplies,30,44,4146,2021-11-01 19:38:39.571903
542,"Adams Telephone Message Book W/Dividers/Space For Phone Numbers, 5 1/4""X8 1/2"", 200/Messages",Office Supplies,97,38,4917,2022-04-04 04:56:39.848016
543,Avery Heavy-Duty EZD  Binder With Locking Rings,Office Supplies,90,32,4600,2021-10-24 07:52:03.968812
544,Smead Alpha-Z Color-Coded Name Labels First Letter Starter Set,Office Supplies,12,17,4814,2019-02-23 12:23:02.222237
545,"Hoover Replacement Belts For Soft Guard & Commercial Ltweight Upright Vacs, 2/Pk",Office Supplies,36,13,4431,2020-01-31 00:30:56.367033
546,Global Chrome Stack Chair,Furniture,74,29,4327,2019-04-17 16:39:28.627044
547,"Tenex Chairmat w/ Average Lip, 45"" x 53""",Furniture,83,26,4908,2022-03-19 15:14:59.529578
548,"#10- 4 1/8"" x 9 1/2"" Recycled Envelopes",Office Supplies,2,17,4917,2022-11-06 05:28:09.689546
549,Plantronics Savi W720 Multi-Device Wireless Headset System,Technology,10,1,4825,2019-12-01 08:01:34.5376
550,Flat Face Poster Frame,Furniture,3,5,4826,2021-11-11 15:23:23.965384
551,Xerox 1996,Office Supplies,43,41,4588,2019-08-14 00:54:25.331426
552,Adjustable Personal File Tote,Office Supplies,96,50,4189,2020-12-09 14:01:42.360742
553,ARKON Windshield Dashboard Air Vent Car Mount Holder,Technology,52,27,4789,2022-03-18 21:34:53.553425
554,Xerox 212,Office Supplies,51,5,4192,2020-11-06 05:28:57.013069
555,SAFCO Optional Arm Kit for Workspace Cribbage Stacking Chair,Furniture,10,45,4846,2019-02-21 15:51:37.492931
556,Novimex Fabric Task Chair,Furniture,62,48,4487,2019-05-24 14:22:41.206678
557,Belkin F8E887 USB Wired Ergonomic Keyboard,Technology,84,33,4501,2022-07-04 13:20:35.498641
558,"Bush Westfield Collection Bookcases, Dark Cherry Finish",Furniture,79,16,4475,2019-07-31 21:44:11.803555
559,"DXL Angle-View Binders with Locking Rings, Black",Office Supplies,35,4,4288,2022-03-02 08:28:22.138591
560,"1.7 Cubic Foot Compact ""Cube"" Office Refrigerators",Office Supplies,41,18,4622,2021-11-14 00:59:19.104275
561,"Iceberg OfficeWorks 42"" Round Tables",Furniture,50,15,4392,2019-12-02 04:45:05.655535
562,LogitechGaming G510s - Keyboard,Technology,5,25,4996,2019-03-01 00:40:22.381827
563,Newell 3-Hole Punched Plastic Slotted Magazine Holders for Binders,Office Supplies,30,46,4350,2021-06-20 06:15:24.263562
564,Avery Non-Stick Binders,Office Supplies,32,36,4692,2020-12-31 15:44:12.186174
565,Samsung HM1900 Bluetooth Headset,Technology,33,43,4388,2019-07-23 07:12:20.803436
566,"Eureka The Boss Plus 12-Amp Hard Box Upright Vacuum, Red",Office Supplies,17,45,4476,2022-07-22 17:14:03.939088
567,Avery 495,Office Supplies,95,14,5026,2021-12-25 22:57:38.431765
568,Sony Micro Vault Click 8 GB USB 2.0 Flash Drive,Technology,40,2,4365,2022-09-26 10:10:11.035344
569,Newell 336,Office Supplies,21,5,4835,2021-07-13 16:14:33.32641
570,Clear Mylar Reinforcing Strips,Office Supplies,10,47,4951,2021-01-28 07:11:48.921149
571,Staple-based wall hangings,Furniture,65,40,4807,2019-04-23 02:30:38.581343
572,Xerox 1915,Office Supplies,66,31,4598,2019-06-24 05:14:27.843303
573,"Wirebound Message Books, Four 2 3/4"" x 5"" Forms per Page, 600 Sets per Book",Office Supplies,78,43,4512,2020-11-17 18:07:38.537325
574,Xerox 1881,Office Supplies,52,45,4429,2021-07-18 01:19:53.854594
575,"Verbatim 25 GB 6x Blu-ray Single Layer Recordable Disc, 25/Pack",Technology,56,21,4614,2022-03-08 17:40:55.49572
576,Xerox 214,Office Supplies,66,33,5036,2022-07-22 12:47:23.156479
577,BIC Brite Liner Grip Highlighters,Office Supplies,12,7,4413,2022-11-08 14:46:19.970718
578,Boston 16701 Slimline Battery Pencil Sharpener,Office Supplies,58,14,4671,2019-08-03 02:47:31.345084
579,"Belkin 19"" Vented Equipment Shelf, Black",Office Supplies,29,2,5041,2021-06-27 05:40:30.192745
580,Easy-staple paper,Office Supplies,6,48,4539,2020-11-21 00:46:00.222366
581,Staple-based wall hangings,Furniture,34,49,4555,2021-06-18 14:10:59.361841
582,Xerox 1915,Office Supplies,49,32,4387,2021-10-06 17:14:39.807963
583,Wilson Jones Legal Size Ring Binders,Office Supplies,53,32,4936,2020-10-01 12:32:11.559735
584,Acco Translucent Poly Ring Binders,Office Supplies,40,22,4985,2020-09-21 09:08:35.248467
585,Boston 1799 Powerhouse Electric Pencil Sharpener,Office Supplies,44,34,4977,2020-06-28 00:26:03.477602
586,"Telephone Message Books with Fax/Mobile Section, 5 1/2"" x 3 3/16""",Office Supplies,48,35,4745,2022-02-25 10:30:50.338922
587,SAFCO Arco Folding Chair,Furniture,19,7,4267,2019-12-18 16:42:08.452256
588,"Office Star - Contemporary Task Swivel chair with Loop Arms, Charcoal",Furniture,39,32,4764,2020-12-05 10:19:51.181789
589,O'Sullivan Cherrywood Estates Traditional Barrister Bookcase,Furniture,47,5,4675,2021-09-23 15:51:01.611506
590,"Eldon Image Series Desk Accessories, Ebony",Furniture,94,19,4625,2020-04-12 06:49:29.348588
591,Kensington 6 Outlet Guardian Standard Surge Protector,Office Supplies,24,28,4457,2021-11-03 14:29:36.055706
592,Grandstream GXP2100 Mainstream Business Phone,Technology,76,35,4190,2019-09-06 20:39:02.363092
593,Logitech G600 MMO Gaming Mouse,Technology,53,18,4240,2020-12-12 14:56:29.424018
594,Panasonic KX MC6040 Color Laser Multifunction Printer,Technology,92,32,4683,2020-07-11 21:22:34.208336
595,"Message Book, Wirebound, Four 5 1/2"" X 4"" Forms/Pg., 200 Dupl. Sets/Book",Office Supplies,97,27,4940,2020-04-23 08:11:04.712145
596,"DAX Copper Panel Document Frame, 5 x 7 Size",Furniture,28,5,4740,2019-04-03 03:26:41.25996
597,Xerox 205,Office Supplies,51,39,4606,2020-01-07 17:27:39.513677
598,Jawbone JAMBOX Wireless Bluetooth Speaker,Technology,10,3,4741,2019-11-27 21:56:40.138797
599,Panasonic KP-310 Heavy-Duty Electric Pencil Sharpener,Office Supplies,75,44,4089,2020-10-05 09:45:40.293052
600,"GE General Purpose, Extra Long Life, Showcase & Floodlight Incandescent Bulbs",Furniture,36,30,4066,2022-11-14 13:15:31.366062
601,Novimex Swivel Fabric Task Chair,Furniture,69,17,4663,2020-02-19 02:36:42.868045
602,Aastra 6757i CT Wireless VoIP phone,Technology,50,30,4054,2020-10-29 12:57:11.981199
603,"Deflect-o EconoMat Studded, No Bevel Mat for Low Pile Carpeting",Furniture,6,10,4684,2021-06-06 16:26:28.831326
604,"Acco Flexible ACCOHIDE Square Ring Data Binder, Dark Blue, 11 1/2"" X 14"" 7/8""",Office Supplies,86,32,4657,2021-06-18 03:05:48.114599
605,"Fellowes Premier Superior Surge Suppressor, 10-Outlet, With Phone and Remote",Office Supplies,54,9,4093,2019-08-23 02:37:30.279017
606,Wilson Electronics DB Pro Signal Booster,Technology,76,3,4281,2022-09-26 11:05:23.918496
607,Aluminum Document Frame,Furniture,37,38,4286,2021-07-19 16:49:12.045103
608,Acme Rosewood Handle Letter Opener,Office Supplies,19,6,5050,2019-08-26 03:00:22.7926
609,Fellowes Bankers Box Recycled Super Stor/Drawer,Office Supplies,51,35,4715,2022-07-14 03:28:32.328774
610,Office Star Flex Back Scooter Chair with Aluminum Finish Frame,Furniture,8,25,4465,2020-06-09 02:02:08.145363
611,Hon Non-Folding Utility Tables,Furniture,56,25,4510,2019-06-27 23:26:09.526088
612,Xerox 1908,Office Supplies,63,19,4215,2020-12-25 21:02:34.100882
613,Wilson Jones Suede Grain Vinyl Binders,Office Supplies,49,10,4724,2020-02-13 14:17:49.070596
614,Martin Yale Chadless Opener Electric Letter Opener,Office Supplies,64,27,4626,2021-01-12 15:29:31.565747
615,Ibico EB-19 Dual Function Manual Binding System,Office Supplies,70,25,4085,2019-05-29 10:02:44.453561
616,Eldon ProFile File 'N Store Portable File Tub Letter/Legal Size Black,Office Supplies,46,1,4864,2019-12-09 04:16:27.430717
617,Computer Printout Index Tabs,Office Supplies,73,38,4251,2021-07-12 13:41:47.174848
618,"Eureka The Boss Plus 12-Amp Hard Box Upright Vacuum, Red",Office Supplies,40,47,4261,2021-01-25 07:59:09.949901
619,AT&T 17929 Lendline Telephone,Technology,83,37,4182,2022-01-30 00:56:00.740737
620,"Eldon Image Series Desk Accessories, Ebony",Furniture,94,11,4236,2022-12-30 14:40:18.593279
621,Staple remover,Office Supplies,68,46,4469,2021-01-02 13:21:14.855995
622,Cisco IP Phone 7961G-GE VoIP phone,Technology,49,2,4553,2022-02-12 18:55:57.064447
623,Xerox 1974,Office Supplies,100,43,4071,2019-01-30 08:03:46.056483
624,GBC Plastic Binding Combs,Office Supplies,36,19,4942,2021-10-30 18:20:45.673674
625,"Tenex ""The Solids"" Textured Chair Mats",Furniture,29,47,4812,2020-04-10 06:50:38.340919
626,G.E. Longer-Life Indoor Recessed Floodlight Bulbs,Furniture,89,7,4497,2022-08-17 10:15:20.842703
627,Loose Memo Sheets,Office Supplies,89,33,4930,2021-04-12 13:18:55.94755
628,"Lesro Round Back Collection Coffee Table, End Table",Furniture,79,28,4505,2020-11-05 19:02:25.666435
629,Staple envelope,Office Supplies,54,45,4633,2021-11-20 20:40:59.852477
630,Polycom SoundPoint IP 450 VoIP phone,Technology,29,39,4660,2020-04-20 02:52:03.435921
631,Deflect-o Glass Clear Studded Chair Mats,Furniture,76,41,4327,2021-05-10 11:56:57.067037
632,Eldon Wave Desk Accessories,Furniture,83,31,4833,2020-01-31 09:41:26.09945
633,"Rush Hierlooms Collection 1"" Thick Stackable Bookcases",Furniture,96,37,4651,2022-12-07 09:17:02.471578
634,Xerox 1988,Office Supplies,88,18,4765,2020-01-03 00:26:46.29637
635,Maxell 4.7GB DVD+R 5/Pack,Technology,100,14,4401,2021-02-11 06:50:31.89795
636,Hon Every-Day Series Multi-Task Chairs,Furniture,6,27,4807,2020-03-21 17:02:31.012119
637,Space Solutions Commercial Steel Shelving,Office Supplies,67,46,5035,2021-01-31 02:00:52.4795
638,Sony 64GB Class 10 Micro SDHC R40 Memory Card,Technology,80,15,4067,2021-01-12 07:24:26.204205
639,LG G3,Technology,41,26,4719,2021-02-09 08:01:16.975706
640,Acco Perma 3000 Stacking Storage Drawers,Office Supplies,13,44,4740,2021-12-10 13:51:50.187123
641,"Adams Phone Message Book, 200 Message Capacity, 8 1/16 x 11",Office Supplies,56,34,4712,2020-07-18 10:25:21.306053
642,Xerox 1982,Office Supplies,95,47,4484,2021-03-23 12:20:41.385989
802,Global Chrome Stack Chair,Furniture,72,49,4375,2020-10-03 19:33:02.56191
643,Ibico Laser Imprintable Binding System Covers,Office Supplies,39,12,4741,2021-02-11 13:34:12.30065
644,50 Colored Long Pencils,Office Supplies,100,17,4138,2021-02-23 03:42:07.788609
645,Sabrent 4-Port USB 2.0 Hub,Technology,32,27,4355,2020-08-12 23:14:07.43747
646,"XtraLife ClearVue Slant-D Ring Binder, White, 3""",Office Supplies,93,27,4379,2020-10-18 04:48:24.747644
647,Tenex B1-RE Series Chair Mats for Low Pile Carpets,Furniture,28,7,4169,2022-02-08 20:52:10.331027
648,Case Logic 2.4GHz Wireless Keyboard,Technology,50,18,4768,2022-10-22 10:15:43.991839
649,G.E. Longer-Life Indoor Recessed Floodlight Bulbs,Furniture,69,40,4276,2019-07-30 10:03:43.760133
650,"Avery 4027 File Folder Labels for Dot Matrix Printers, 5000 Labels per Box, White",Office Supplies,29,27,4755,2022-02-08 19:33:47.288191
651,Global Deluxe High-Back Manager's Chair,Furniture,75,41,4501,2019-09-04 05:06:11.550445
652,Tuff Stuff Recycled Round Ring Binders,Office Supplies,89,19,4132,2020-03-13 21:49:15.721422
653,Newell 326,Office Supplies,44,17,4208,2020-10-22 20:27:21.690119
654,"Office Star - Contemporary Task Swivel chair with Loop Arms, Charcoal",Furniture,76,1,4161,2021-05-22 05:20:19.254028
655,"Ampad Phone Message Book, Recycled, 400 Message Capacity, 5  x 11",Office Supplies,82,1,5043,2021-04-23 00:32:44.379077
656,Fellowes Super Stor/Drawer,Office Supplies,18,35,4566,2021-01-14 14:12:47.979863
657,Fellowes Neat Ideas Storage Cubes,Office Supplies,35,49,4476,2019-07-22 23:33:13.935078
658,Fellowes High-Stak Drawer Files,Office Supplies,19,25,4284,2021-12-28 04:29:17.300452
659,Eldon Radial Chair Mat for Low to Medium Pile Carpets,Furniture,75,9,4292,2020-12-25 05:20:17.673337
660,12-1/2 Diameter Round Wall Clock,Furniture,1,43,4092,2020-11-11 22:20:24.945626
661,"Peel & Seel Recycled Catalog Envelopes, Brown",Office Supplies,65,36,5044,2022-05-01 11:17:20.306401
662,"Ativa D5772 2-Line 5.8GHz Digital Expandable Corded/Cordless Phone System with Answering & Caller ID/Call Waiting, Black/Silver",Technology,99,16,5045,2021-07-08 15:06:47.048348
663,Ibico Laser Imprintable Binding System Covers,Office Supplies,95,3,4819,2020-06-20 08:02:33.761049
664,Anker 36W 4-Port USB Wall Charger Travel Power Adapter for iPhone 5s 5c 5,Technology,1,46,4558,2019-03-09 05:20:57.119857
665,Xerox 1881,Office Supplies,28,40,4803,2022-11-22 09:22:43.284373
666,Global Commerce Series High-Back Swivel/Tilt Chairs,Furniture,71,9,4774,2021-07-17 14:13:48.877552
667,Xerox 1882,Office Supplies,60,47,4210,2020-07-02 13:27:09.084051
668,GBC VeloBind Cover Sets,Office Supplies,34,48,4487,2022-04-09 05:41:00.23298
669,Staples in misc. colors,Office Supplies,64,50,4096,2019-03-17 12:50:55.979251
670,Sony Micro Vault Click 8 GB USB 2.0 Flash Drive,Technology,68,15,4564,2022-09-26 21:59:01.74004
671,Xerox 1978,Office Supplies,96,9,4536,2019-09-13 22:03:41.05728
672,Avery 501,Office Supplies,84,22,4306,2019-07-28 18:18:01.441431
673,Sanford Liquid Accent Highlighters,Office Supplies,21,2,4880,2022-06-19 23:22:19.211004
674,"White Dual Perf Computer Printout Paper, 2700 Sheets, 1 Part, Heavyweight, 20 lbs., 14 7/8 x 11",Office Supplies,17,27,4764,2022-04-14 01:41:55.035719
675,"Trav-L-File Heavy-Duty Shuttle II, Black",Office Supplies,75,41,4854,2021-03-02 22:15:59.027624
676,"Speediset Carbonless Redi-Letter 7"" x 8 1/2""",Office Supplies,11,6,4572,2019-12-24 21:57:59.614694
677,Rogers Handheld Barrel Pencil Sharpener,Office Supplies,46,2,4358,2022-06-04 22:45:38.729379
678,"Personal Folder Holder, Ebony",Office Supplies,64,49,4407,2022-03-04 22:32:25.896463
679,"Adams Telephone Message Book w/Frequently-Called Numbers Space, 400 Messages per Book",Office Supplies,82,46,4598,2020-03-01 05:13:52.909716
680,Xerox 1990,Office Supplies,70,13,4708,2022-11-01 22:18:58.933756
681,Harbour Creations 67200 Series Stacking Chairs,Furniture,88,27,4748,2022-06-25 22:57:29.733421
682,Nontoxic Chalk,Office Supplies,22,40,4849,2020-09-04 21:03:41.658608
683,"Chromcraft Bull-Nose Wood 48"" x 96"" Rectangular Conference Tables",Furniture,12,29,4993,2021-08-14 19:02:45.243331
684,"Recycled Data-Pak for Archival Bound Computer Printouts, 12-1/2 x 12-1/2 x 16",Office Supplies,36,3,4271,2021-12-30 01:15:02.214234
685,Eldon Simplefile Box Office,Office Supplies,46,46,4291,2021-07-15 18:23:22.741942
686,Office Star - Contemporary Task Swivel Chair,Furniture,5,32,4802,2020-04-07 23:54:18.647298
687,GBC DocuBind TL300 Electric Binding System,Office Supplies,97,45,4856,2022-11-03 15:51:40.014995
688,Newell 340,Office Supplies,68,19,4280,2022-12-14 18:13:34.215418
689,Avery File Folder Labels,Office Supplies,33,48,4450,2019-01-15 13:44:39.841934
690,Cisco 8961 IP Phone Charcoal,Technology,60,35,4417,2020-03-06 02:33:27.106076
691,Presstex Flexible Ring Binders,Office Supplies,77,1,4569,2021-06-13 16:50:33.750076
692,Binder Clips by OIC,Office Supplies,41,1,4304,2019-09-28 16:46:27.914315
693,"Lifetime Advantage Folding Chairs, 4/Carton",Furniture,93,17,4308,2020-09-20 18:58:32.679795
694,Pastel Pink Envelopes,Office Supplies,86,50,4134,2021-06-06 02:47:27.974471
695,"Verbatim Slim CD and DVD Storage Cases, 50/Pack",Technology,97,46,4874,2021-02-19 11:53:36.824443
696,Newell 330,Office Supplies,3,22,4124,2021-07-28 23:31:18.679654
697,Xerox 1924,Office Supplies,6,20,4106,2021-10-16 10:13:06.795677
698,Avery 476,Office Supplies,31,18,4806,2020-03-13 02:36:13.42439
699,Jabra Supreme Plus Driver EditionHeadset,Technology,43,2,4790,2019-12-21 16:51:38.811977
700,O'Sullivan Living Dimensions 2-Shelf Bookcases,Furniture,86,15,4998,2022-01-14 10:06:54.603892
701,"Wilson Jones 1"" Hanging DublLock Ring Binders",Office Supplies,64,13,4819,2019-10-26 00:49:15.882084
702,"White Business Envelopes with Contemporary Seam, Recycled White Business Envelopes",Office Supplies,24,21,4304,2022-10-15 03:55:06.003754
703,Xerox 201,Office Supplies,8,8,4277,2020-06-11 22:50:21.756746
704,"Bravo II Megaboss 12-Amp Hard Body Upright, Replacement Belts, 2 Belts per Pack",Office Supplies,6,47,4446,2020-03-25 06:13:27.911236
705,"Acco Pressboard Covers with Storage Hooks, 14 7/8"" x 11"", Dark Blue",Office Supplies,27,19,4405,2020-06-24 11:17:03.321885
706,Wilson Jones Turn Tabs Binder Tool for Ring Binders,Office Supplies,100,50,4663,2021-02-16 06:39:59.928956
707,"Advantus Employee of the Month Certificate Frame, 11 x 13-1/2",Furniture,60,11,4096,2021-05-17 06:27:06.331311
708,Avery Durable Slant Ring Binders,Office Supplies,96,37,4657,2021-01-14 05:36:02.06173
709,Xerox 203,Office Supplies,63,21,4890,2021-10-25 16:57:43.155618
710,Round Specialty Laser Printer Labels,Office Supplies,20,17,4484,2020-03-03 02:52:50.013399
711,Pressboard Data Binders by Wilson Jones,Office Supplies,12,50,4267,2022-08-04 05:44:24.301902
712,Global Commerce Series Low-Back Swivel/Tilt Chairs,Furniture,54,13,4649,2020-05-01 06:35:17.354763
713,Imation16GB Mini TravelDrive USB 2.0Flash Drive,Technology,17,14,4445,2021-10-18 23:58:34.508472
714,Telescoping Adjustable Floor Lamp,Furniture,61,14,4092,2022-01-22 06:14:26.914754
715,Ibico Covers for Plastic or Wire Binding Elements,Office Supplies,96,46,4747,2019-08-13 02:47:01.186722
3,Acco Perma 4000 Stacking Storage Drawers,Office Supplies,27,5,4228,2019-09-22 13:55:08.098262
4,Hon 4070 Series Pagoda Armless Upholstered Stacking Chairs,Furniture,60,6,5016,2022-09-23 17:16:42.496515
5,O'Sullivan 4-Shelf Bookcase in Odessa Pine,Furniture,31,13,4360,2021-10-15 13:40:11.513925
6,Poly String Tie Envelopes,Office Supplies,37,26,4327,2019-01-11 13:40:36.74972
7,Avery 499,Office Supplies,48,42,4087,2020-08-14 17:54:41.360859
8,Newell 341,Office Supplies,59,50,4880,2021-11-28 12:31:59.327453
9,Acco Economy Flexible Poly Round Ring Binder,Office Supplies,75,29,4975,2022-06-20 19:25:06.598328
10,Nortel Networks T7316 E Nt8 B27,Technology,6,4,4258,2019-09-27 14:00:50.488565
11,Newell 314,Office Supplies,11,29,4531,2022-05-10 23:24:05.366718
12,Eldon Wave Desk Accessories,Furniture,60,10,4804,2021-01-08 19:26:17.156141
13,"Wilson Jones Ledger-Size, Piano-Hinge Binder, 2"", Blue",Office Supplies,66,46,4222,2019-05-26 10:13:50.157098
14,Xerox 1987,Office Supplies,18,15,4864,2019-09-18 05:55:41.929601
15,OtterBox Defender Series Case - Samsung Galaxy S4,Technology,73,23,4724,2022-06-14 21:57:13.916816
16,Global Commerce Series High-Back Swivel/Tilt Chairs,Furniture,67,48,5027,2020-10-01 17:01:46.099829
17,Pressboard Hanging Data Binders for Unburst Sheets,Office Supplies,39,11,4992,2019-06-30 06:53:53.058474
18,Poly String Tie Envelopes,Office Supplies,5,8,4823,2020-07-29 04:02:38.116522
19,"Eldon Expressions Wood Desk Accessories, Oak",Furniture,19,27,4387,2022-03-27 21:36:28.189205
20,Xerox 1991,Office Supplies,49,41,4628,2019-12-24 03:04:40.532944
21,"Executive Impressions 14"" Two-Color Numerals Wall Clock",Furniture,43,8,4845,2020-01-22 13:32:44.945495
22,GBC Twin Loop Wire Binding Elements,Office Supplies,25,19,4873,2022-05-21 12:41:12.580178
23,Xerox 225,Office Supplies,22,30,4697,2019-02-23 19:08:16.895304
24,Self-Adhesive Address Labels for Typewriters by Universal,Office Supplies,70,21,4790,2019-06-16 02:29:22.616394
25,Razer Kraken PRO Over Ear PC and Music Headset,Technology,65,39,4982,2019-03-02 23:06:50.093913
26,Xerox 1928,Office Supplies,94,50,4532,2022-11-18 17:10:47.133393
27,Compact Automatic Electric Letter Opener,Office Supplies,45,15,5035,2020-03-03 17:16:20.631577
28,Staples,Office Supplies,38,48,4364,2022-09-16 22:26:04.397006
29,9-3/4 Diameter Round Wall Clock,Furniture,34,10,4684,2019-02-03 20:44:04.775067
30,Tripp Lite Isotel 8 Ultra 8 Outlet Metal Surge,Office Supplies,14,34,5019,2020-12-11 07:03:39.982582
31,I Need's 3d Hello Kitty Hybrid Silicone Case Cover for HTC One X 4g with 3d Hello Kitty Stylus Pen Green/pink,Technology,19,15,4804,2022-04-01 15:10:18.437845
32,Binding Machine Supplies,Office Supplies,59,5,4245,2020-09-20 22:31:32.093469
33,Xerox 212,Office Supplies,79,26,4626,2019-02-08 10:07:27.548929
34,"Neat Ideas Personal Hanging Folder Files, Black",Office Supplies,65,16,4910,2020-04-24 02:53:03.819909
35,Fluorescent Highlighters by Dixon,Office Supplies,53,35,4548,2020-07-24 04:24:23.272011
716,Imation16GB Mini TravelDrive USB 2.0Flash Drive,Technology,44,23,4219,2021-04-29 17:32:26.494513
717,"Global Airflow Leather Mesh Back Chair, Black",Furniture,4,12,4649,2020-09-19 06:03:32.644976
718,Super Decoflex Portable Personal File,Office Supplies,57,23,4111,2020-08-01 15:48:59.979069
719,Smead Alpha-Z Color-Coded Second Alphabetical Labels and Starter Set,Office Supplies,69,33,4556,2021-02-18 15:58:58.089527
720,"Tennsco Snap-Together Open Shelving Units, Starter Sets and Add-On Units",Office Supplies,29,28,4533,2022-05-02 08:04:19.503647
721,Cush Cases Heavy Duty Rugged Cover Case for Samsung Galaxy S5 - Purple,Technology,65,24,4526,2022-03-23 21:32:03.503855
722,Anker Astro Mini 3000mAh Ultra-Compact Portable Charger,Technology,52,49,4664,2022-06-21 04:29:28.380538
723,Logitech G13 Programmable Gameboard with LCD Display,Technology,46,30,4450,2020-01-21 08:46:22.16198
724,"GBC Standard Recycled Report Covers, Clear Plastic Sheets",Office Supplies,70,46,4872,2020-06-20 15:26:14.367677
725,"#10 Gummed Flap White Envelopes, 100/Box",Office Supplies,93,11,4427,2022-08-07 16:15:19.46208
726,"Global Airflow Leather Mesh Back Chair, Black",Furniture,50,6,4557,2021-05-30 14:51:50.238632
727,Advantus SlideClip Paper Clips,Office Supplies,51,45,4323,2020-07-12 09:04:53.250821
728,Ibico Presentation Index for Binding Systems,Office Supplies,68,10,4341,2022-03-12 10:05:58.065489
729,Logitech G700s Rechargeable Gaming Mouse,Technology,80,47,4358,2020-02-28 16:18:06.484232
730,Space Solutions Industrial Galvanized Steel Shelving.,Office Supplies,88,1,4523,2022-01-06 18:36:10.030655
731,GuestStacker Chair with Chrome Finish Legs,Furniture,46,30,4064,2021-11-27 07:20:05.069426
732,"Lifetime Advantage Folding Chairs, 4/Carton",Furniture,50,14,4967,2020-12-02 06:11:38.735263
733,i.Sound Portable Power - 8000 mAh,Technology,72,48,4357,2022-09-14 23:00:43.433611
734,"Logitech B530 USBHeadset-headset- Full size, Binaural",Technology,60,30,4939,2022-07-27 16:52:38.85194
735,Tenex B1-RE Series Chair Mats for Low Pile Carpets,Furniture,8,10,4170,2019-11-15 11:28:17.151252
736,Wilson Jones Century Plastic Molded Ring Binders,Office Supplies,27,41,4573,2019-04-16 06:13:53.168376
737,Memorex Froggy Flash Drive 4 GB,Technology,5,3,4921,2019-03-14 09:18:34.295427
738,Polycom SoundStation2 EX Conferencephone,Technology,46,5,4476,2019-08-30 17:01:48.613107
739,Staple envelope,Office Supplies,70,15,5033,2022-05-21 05:28:04.372969
740,Xerox 1966,Office Supplies,93,23,4690,2020-01-15 00:23:01.267092
741,Hammermill Color Copier Paper (28Lb. and 96 Bright),Office Supplies,76,10,4526,2022-08-18 05:10:25.001769
742,Acco Perma 4000 Stacking Storage Drawers,Office Supplies,38,30,4275,2020-12-23 18:28:01.006497
743,Xerox 1938,Office Supplies,3,11,4187,2022-08-05 11:10:21.432578
744,Large Capacity Hanging Post Binders,Office Supplies,33,50,4707,2021-03-24 06:15:04.895354
745,Avery Durable Slant Ring Binders With Label Holder,Office Supplies,16,3,4311,2020-12-29 18:51:11.529998
746,Imation Bio 2GB USBFlash Drive ImationCorp,Technology,20,40,4345,2022-07-15 22:49:04.496761
747,Avery 483,Office Supplies,86,36,4166,2022-09-12 09:49:33.846259
748,Stanley Bostitch Contemporary Electric Pencil Sharpeners,Office Supplies,16,28,4633,2022-11-04 04:21:01.589363
749,Polycom SoundPoint IP 450 VoIP phone,Technology,32,6,4453,2022-03-24 18:02:43.825657
750,Avanti 1.7 Cu. Ft. Refrigerator,Office Supplies,73,26,4569,2021-03-20 06:51:43.447783
751,"Acco PRESSTEX Data Binder with Storage Hooks, Light Blue, 9 1/2"" X 11""",Office Supplies,39,49,4531,2019-07-25 15:57:03.539536
752,Boston Home & Office Model 2000 Electric Pencil Sharpeners,Office Supplies,99,27,4122,2019-04-14 10:45:37.018045
753,Newell 334,Office Supplies,1,34,4306,2021-10-18 02:10:06.162836
754,GBC Twin Loop Wire Binding Elements,Office Supplies,60,29,4507,2021-05-07 19:37:55.843193
755,Prang Drawing Pencil Set,Office Supplies,96,37,4303,2021-08-18 07:52:32.725006
756,Easy-staple paper,Office Supplies,78,43,4166,2019-10-26 14:06:02.285455
757,SanDisk Cruzer 64 GB USB Flash Drive,Technology,20,25,4098,2019-07-14 22:29:01.928011
758,Avery Binder Labels,Office Supplies,22,5,4615,2021-02-20 18:43:07.791389
759,GBC Personal VeloBind Strips,Office Supplies,74,9,4596,2019-03-26 13:39:11.830206
760,Astroparche Fine Business Paper,Office Supplies,29,1,4728,2022-12-12 00:13:36.910038
761,"Eldon Expressions Punched Metal & Wood Desk Accessories, Black & Cherry",Furniture,25,14,4300,2021-11-29 18:38:36.891217
762,GE 30524EE4,Technology,35,4,5017,2020-10-19 07:04:26.998336
763,Maxell 4.7GB DVD-R 5/Pack,Technology,54,39,4106,2020-06-01 15:12:53.216418
764,Office Star Flex Back Scooter Chair with White Frame,Furniture,43,22,4532,2020-06-24 18:10:56.643767
765,Avery Personal Creations Heavyweight Cards,Office Supplies,47,50,4558,2021-01-01 22:31:10.924621
766,Nu-Dell Oak Frame,Furniture,76,37,4853,2022-06-25 23:09:13.191651
767,"SAFCO PlanMaster Heigh-Adjustable Drafting Table Base, 43w x 30d x 30-37h, Black",Furniture,63,27,5045,2019-01-19 10:02:07.547813
768,ImationSecureDrive+ Hardware Encrypted USBflash drive- 16 GB,Technology,37,35,4097,2022-07-28 04:23:33.504629
769,Electrix Halogen Magnifier Lamp,Furniture,85,18,4663,2021-03-05 01:44:11.066043
770,"Maxell 74 Minute CDR, 10/Pack",Technology,27,22,4867,2022-07-06 07:57:17.780273
771,VTech DS6151,Technology,38,22,4966,2021-12-15 08:59:26.317986
772,Poly String Tie Envelopes,Office Supplies,32,12,4262,2022-08-23 03:54:23.104716
773,"Eldon Expressions Punched Metal & Wood Desk Accessories, Black & Cherry",Furniture,56,8,4286,2019-02-15 00:16:30.157974
774,Jabra SPEAK 410 Multidevice Speakerphone,Technology,15,27,4565,2019-10-29 23:56:12.407062
775,Avery Hanging File Binders,Office Supplies,46,26,4086,2019-02-18 15:57:05.785428
776,Global Ergonomic Managers Chair,Furniture,18,19,4182,2021-07-10 00:02:45.888903
777,"C-Line Magnetic Cubicle Keepers, Clear Polypropylene",Furniture,13,28,4688,2019-01-13 19:14:53.585674
778,SAFCO Arco Folding Chair,Furniture,59,6,4406,2020-07-05 16:09:12.700715
779,Fellowes Bankers Box Recycled Super Stor/Drawer,Office Supplies,93,48,4934,2020-07-06 21:39:15.857388
780,Xerox 226,Office Supplies,40,49,4897,2020-03-24 20:31:10.425319
781,Avery 518,Office Supplies,56,39,4809,2021-02-03 11:11:19.134449
782,Tensor Track Tree Floor Lamp,Furniture,56,17,4311,2019-11-11 10:19:03.247246
783,"Global Manager's Adjustable Task Chair, Storm",Furniture,83,40,4328,2019-09-30 21:38:53.985411
784,DAX Wood Document Frame,Furniture,52,48,4225,2022-12-19 17:58:34.941683
785,Belkin Premiere Surge Master II 8-outlet surge protector,Office Supplies,100,46,4800,2022-11-11 03:07:41.996138
786,Staple envelope,Office Supplies,38,17,4618,2022-05-03 15:16:24.326002
787,Tensor Brushed Steel Torchiere Floor Lamp,Furniture,76,1,4393,2021-08-22 01:52:11.193118
788,Avery Hanging File Binders,Office Supplies,76,4,4799,2021-08-20 05:06:56.189573
789,3-ring staple pack,Office Supplies,71,2,4681,2020-07-07 17:53:09.725319
790,"Tenex Personal Self-Stacking Standard File Box, Black/Gray",Office Supplies,99,47,4399,2022-10-10 07:59:18.844394
791,Mitel 5320 IP Phone VoIP phone,Technology,30,17,4790,2021-09-12 12:45:01.818254
792,Xerox 1977,Office Supplies,1,23,4850,2020-08-13 22:28:01.760006
793,Eldon 500 Class Desk Accessories,Furniture,76,4,4712,2022-10-02 13:01:07.06552
794,Global Highback Leather Tilter in Burgundy,Furniture,97,27,4427,2020-04-06 22:09:32.699591
795,Staples,Office Supplies,60,48,4676,2019-11-02 02:37:41.316043
796,Things To Do Today Spiral Book,Office Supplies,76,3,4804,2020-08-28 14:52:24.649515
797,AmazonBasics 3-Button USB Wired Mouse,Technology,54,19,4611,2019-08-28 16:19:00.887721
798,WD My Passport Ultra 1TB Portable External Hard Drive,Technology,7,26,4875,2021-10-05 06:12:43.633061
799,Xerox 1943,Office Supplies,92,4,4106,2019-05-06 11:08:13.244092
800,Belkin F9M820V08 8 Outlet Surge,Office Supplies,24,18,4665,2020-03-25 23:17:40.230614
801,"Office Impressions End Table, 20-1/2""H x 24""W x 20""D",Furniture,31,42,4266,2020-07-18 14:11:12.869033
803,Staple envelope,Office Supplies,79,13,4716,2020-04-19 18:10:42.152616
804,BlackBerry Q10,Technology,64,9,4198,2021-09-20 02:07:24.179017
805,Staple envelope,Office Supplies,89,9,4385,2019-05-31 14:00:37.348044
806,Xerox 1923,Office Supplies,69,2,4472,2021-01-12 10:59:30.328403
807,Avery 476,Office Supplies,49,47,4844,2022-11-26 12:29:06.947512
808,"GBC Prepunched Paper, 19-Hole, for Binding Systems, 24-lb",Office Supplies,36,33,4913,2020-04-12 01:02:11.537544
809,"Global Push Button Manager's Chair, Indigo",Furniture,37,1,4432,2022-06-18 03:23:43.708957
810,Tennsco Single-Tier Lockers,Office Supplies,20,3,4697,2022-12-31 12:36:57.11756
811,Xerox 1909,Office Supplies,3,7,4901,2019-07-29 13:35:34.726207
812,"ACCOHIDE 3-Ring Binder, Blue, 1""",Office Supplies,38,38,4946,2022-10-07 12:08:10.461765
813,LogitechVX Revolution Cordless Laser Mouse for Notebooks (Black),Technology,33,27,4306,2020-07-19 20:37:05.995379
814,"Green Canvas Binder for 8-1/2"" x 14"" Sheets",Office Supplies,34,8,5051,2022-11-24 20:44:07.59163
815,Staple envelope,Office Supplies,37,29,4208,2019-03-02 08:10:45.137241
816,Newell 35,Office Supplies,54,20,4199,2019-05-29 16:53:57.611166
817,AT&T CL2909,Technology,97,16,4830,2022-09-09 23:57:37.985424
818,Samsung Replacement EH64AVFWE Premium Headset,Technology,19,42,4275,2020-05-09 17:49:57.252769
819,Staple envelope,Office Supplies,69,23,4993,2020-06-27 08:48:26.617301
820,Novimex Swivel Fabric Task Chair,Furniture,64,1,4515,2021-09-01 22:19:20.721712
821,GBC Premium Transparent Covers with Diagonal Lined Pattern,Office Supplies,63,7,4967,2020-12-02 23:34:57.442529
822,Electrix Halogen Magnifier Lamp,Furniture,29,9,4969,2019-09-24 04:08:01.599607
823,Panasonic KX MB2061 Multifunction Printer,Technology,61,3,4104,2019-01-25 20:20:46.066692
824,Hon 94000 Series Round Tables,Furniture,58,39,4247,2019-10-14 07:00:42.90624
825,Office Star - Professional Matrix Back Chair with 2-to-1 Synchro Tilt and Mesh Fabric Seat,Furniture,29,17,4747,2022-02-18 20:15:08.185619
826,"Cardinal Slant-D Ring Binder, Heavy Gauge Vinyl",Office Supplies,66,24,4567,2022-05-11 03:28:03.416428
827,"Office Impressions End Table, 20-1/2""H x 24""W x 20""D",Furniture,9,49,4697,2021-07-20 14:25:35.870782
828,"Rush Hierlooms Collection 1"" Thick Stackable Bookcases",Furniture,45,39,4417,2022-03-17 08:04:56.488219
829,Acco Economy Flexible Poly Round Ring Binder,Office Supplies,52,47,4744,2021-11-13 18:01:30.80055
830,Xerox 224,Office Supplies,3,45,4598,2022-03-28 10:32:35.81872
831,NETGEAR AC1750 Dual Band GigabitSmart WiFi Router,Technology,86,44,5026,2020-07-01 12:08:39.191009
832,"Wirebound Message Book, 4 per Page",Office Supplies,3,18,4973,2022-01-08 11:09:03.166154
833,Poly String Tie Envelopes,Office Supplies,20,38,4720,2022-07-21 23:03:06.758462
834,"Rediform Wirebound ""Phone Memo"" Message Book, 11 x 5-3/4",Office Supplies,71,41,4326,2019-06-28 13:48:16.775714
835,Avery 494,Office Supplies,30,15,4924,2022-10-16 21:30:42.016591
836,GBC Twin Loop Wire Binding Elements,Office Supplies,66,7,5045,2022-12-21 04:46:14.910454
837,"Wirebound Message Book, 4 per Page",Office Supplies,32,11,4621,2021-12-26 18:44:19.755869
838,Tops Wirebound Message Log Books,Office Supplies,1,19,4480,2020-02-20 10:45:11.332861
839,StarTech.com 10/100 VDSL2 Ethernet Extender Kit,Technology,57,46,4242,2021-02-21 00:52:16.831465
840,Space Solutions Industrial Galvanized Steel Shelving.,Office Supplies,18,36,4648,2022-06-14 14:07:09.315771
841,Deluxe Heavy-Duty Vinyl Round Ring Binder,Office Supplies,82,9,4192,2020-10-08 03:02:06.618768
842,SanDisk Ultra 64 GB MicroSDHC Class 10 Memory Card,Technology,99,7,4320,2019-03-27 08:45:25.749687
843,Enermax Aurora Lite Keyboard,Technology,99,8,4344,2020-12-20 11:03:42.515128
844,"Mead 1st Gear 2"" Zipper Binder, Asst. Colors",Office Supplies,93,34,4464,2021-07-23 18:32:48.678169
845,Fellowes Advanced Computer Series Surge Protectors,Office Supplies,72,37,4109,2022-10-14 16:52:16.570079
846,"Electrix Architect's Clamp-On Swing Arm Lamp, Black",Furniture,96,50,4480,2020-12-12 00:14:10.26665
847,Artistic Insta-Plaque,Furniture,27,48,4265,2020-06-04 14:25:01.51208
848,"GBC Velobind Prepunched Cover Sets, Regency Series",Office Supplies,23,42,4745,2020-05-09 05:25:33.337863
849,"C-Line Cubicle Keepers Polyproplyene Holder w/Velcro Back, 8-1/2x11, 25/Bx",Furniture,78,29,4917,2020-02-24 04:18:11.370043
850,Motorola HK250 Universal Bluetooth Headset,Technology,31,6,4931,2022-09-29 08:27:10.298307
851,"Southworth 100% Rsum Paper, 24lb.",Office Supplies,76,25,4283,2019-05-28 04:50:34.420898
852,Newell 324,Office Supplies,94,39,4076,2021-08-07 18:10:04.03522
853,DAX Two-Tone Silver Metal Document Frame,Furniture,4,6,4723,2022-01-25 10:36:20.399314
854,Staples,Office Supplies,85,1,4075,2021-08-15 19:26:22.587193
855,Fellowes 8 Outlet Superior Workstation Surge Protector w/o Phone/Fax/Modem Protection,Office Supplies,95,34,4401,2019-07-25 00:02:15.509458
856,Newell 316,Office Supplies,48,42,4707,2020-08-15 09:44:07.455957
857,"SAFCO Commercial Wire Shelving, Black",Office Supplies,8,33,4446,2022-07-13 00:05:08.314217
858,"Safco Chair Connectors, 6/Carton",Furniture,37,45,4938,2020-09-15 04:39:40.153568
859,Kensington SlimBlade Notebook Wireless Mouse with Nano Receiver,Technology,16,22,4277,2022-09-24 08:21:04.868973
860,"Bush Andora Conference Table, Maple/Graphite Gray Finish",Furniture,99,16,4551,2019-01-03 15:28:48.468384
861,JBL Micro Wireless Portable Bluetooth Speaker,Technology,83,31,4085,2020-03-29 11:18:07.280724
862,Logitech ClearChat Comfort/USB Headset H390,Technology,23,49,4090,2019-12-08 10:45:21.845676
863,"Executive Impressions 14"" Contract Wall Clock",Furniture,32,47,4725,2020-04-22 06:38:50.846119
864,Crate-A-Files,Office Supplies,9,32,4462,2019-04-03 12:49:42.155074
865,G.E. Longer-Life Indoor Recessed Floodlight Bulbs,Furniture,91,19,4638,2021-01-19 07:58:08.313115
866,GBC ProClick Punch Binding System,Office Supplies,1,1,4393,2020-09-02 11:57:21.404289
867,4009 Highlighters by Sanford,Office Supplies,63,5,4592,2020-03-26 06:21:05.148572
868,Xerox 1947,Office Supplies,54,42,4118,2021-08-04 00:07:18.245402
869,"Verbatim 25 GB 6x Blu-ray Single Layer Recordable Disc, 3/Pack",Technology,99,17,4434,2019-03-16 13:38:19.398597
870,"Barricks 18"" x 48"" Non-Folding Utility Table with Bottom Storage Shelf",Furniture,18,23,4683,2021-11-17 03:46:08.289671
871,Things To Do Today Pad,Office Supplies,54,46,4499,2021-05-12 08:54:20.811914
872,Plantronics S12 Corded Telephone Headset System,Technology,5,9,4061,2021-06-20 08:34:22.68588
873,Xerox 1919,Office Supplies,42,14,4904,2022-09-26 20:04:17.769338
874,Bevis 36 x 72 Conference Tables,Furniture,82,29,4672,2021-08-09 22:54:42.134009
875,"Manila Recycled Extra-Heavyweight Clasp Envelopes, 6"" x 9""",Office Supplies,21,32,4298,2021-07-04 16:49:48.844936
876,"3M Polarizing Task Lamp with Clamp Arm, Light Gray",Furniture,91,5,5013,2019-01-14 10:08:48.049316
877,Southworth 25% Cotton Linen-Finish Paper & Envelopes,Office Supplies,70,19,4562,2021-01-16 22:46:35.466268
878,Tripp Lite TLP810NET Broadband Surge for Modem/Fax,Office Supplies,55,34,4291,2020-09-21 14:40:04.173128
879,"Seth Thomas 14"" Day/Date Wall Clock",Furniture,12,40,5034,2019-06-29 16:35:03.351659
880,Motorola Droid Maxx,Technology,30,15,5053,2022-11-15 05:44:20.059338
881,Xerox 1893,Office Supplies,38,32,4619,2022-01-02 05:50:43.247526
882,"Vinyl Coated Wire Paper Clips in Organizer Box, 800/Box",Office Supplies,42,25,4633,2021-12-16 17:49:29.504066
883,"Memorex 25GB 6X Branded Blu-Ray Recordable Disc, 30/Pack",Technology,75,16,4391,2021-04-03 07:40:29.654831
884,Maxell DVD-RAM Discs,Technology,16,20,4287,2020-06-28 00:26:00.005327
885,Avery 490,Office Supplies,46,35,4647,2020-07-15 22:14:30.618005
886,Avaya 4621SW VoIP phone,Technology,87,46,4960,2020-03-30 04:14:27.229308
887,Xerox 200,Office Supplies,63,23,4353,2022-04-05 13:10:49.246691
888,"Global Geo Office Task Chair, Gray",Furniture,2,36,4587,2021-08-31 10:49:31.94463
889,Mobile Personal File Cube,Office Supplies,86,11,4242,2019-12-12 23:14:12.833437
890,Ibico Standard Transparent Covers,Office Supplies,12,26,4532,2020-11-30 04:22:47.494698
891,"BIC Brite Liner Highlighters, Chisel Tip",Office Supplies,100,1,4177,2019-09-29 08:35:24.588447
892,Martin-Yale Premier Letter Opener,Office Supplies,35,42,4172,2019-03-02 12:52:38.275398
893,Xerox 227,Office Supplies,61,7,4391,2019-01-13 01:10:16.975063
894,Ooma Telo VoIP Home Phone System,Technology,100,38,4965,2019-12-25 15:48:23.564417
895,ImationSwivelFlash DriveUSBflash drive- 8 GB,Technology,14,12,4936,2019-04-03 06:45:52.432877
896,Tripp Lite TLP810NET Broadband Surge for Modem/Fax,Office Supplies,93,24,4710,2019-06-22 23:24:40.601118
897,Storex DuraTech Recycled Plastic Frosted Binders,Office Supplies,90,9,4627,2020-07-18 16:57:22.496204
898,Panasonic KP-310 Heavy-Duty Electric Pencil Sharpener,Office Supplies,60,17,4616,2019-06-08 00:14:03.569333
899,"Eldon Expressions Desk Accessory, Wood Pencil Holder, Oak",Furniture,67,48,4265,2020-04-01 18:07:33.718596
900,"Master Caster Door Stop, Brown",Furniture,72,14,4888,2022-12-15 19:48:40.003408
901,Xerox 1968,Office Supplies,35,25,4225,2021-11-26 03:20:33.602729
902,Eldon 100 Class Desk Accessories,Furniture,58,41,4581,2022-10-13 05:37:33.813879
903,Kensington 7 Outlet MasterPiece Power Center,Office Supplies,47,47,4777,2020-09-16 11:52:27.307362
904,Xerox 1939,Office Supplies,2,47,4194,2022-04-01 13:05:58.500889
905,Jawbone MINI JAMBOX Wireless Bluetooth Speaker,Technology,66,22,4249,2021-01-21 18:47:19.714934
906,Jawbone MINI JAMBOX Wireless Bluetooth Speaker,Technology,24,19,4120,2020-02-25 21:34:47.811658
907,Grip Seal Envelopes,Office Supplies,48,8,4112,2022-09-18 12:22:35.13203
908,WD My Passport Ultra 500GB Portable External Hard Drive,Technology,28,25,4716,2021-07-02 05:42:32.69267
909,Logitech diNovo Edge Keyboard,Technology,41,41,4878,2020-02-20 23:22:29.880999
910,Motorola L804,Technology,56,6,4683,2019-01-24 13:16:49.452589
911,Apple iPhone 5,Technology,56,6,4709,2020-02-18 10:56:42.337188
912,Xerox 214,Office Supplies,20,18,4603,2021-10-25 18:20:05.284878
913,Xerox 190,Office Supplies,100,16,4912,2022-12-02 11:58:39.012541
914,"Sauder Camden County Collection Libraries, Planked Cherry Finish",Furniture,79,23,4180,2022-02-15 23:09:16.640155
915,Hon Olson Stacker Chairs,Furniture,20,27,4334,2019-04-10 22:04:04.438155
916,"Wirebound Message Books, Four 2 3/4 x 5 Forms per Page, 200 Sets per Book",Office Supplies,42,14,4340,2021-12-23 11:39:56.205402
917,Global Comet Stacking Arm Chair,Furniture,83,18,4295,2022-02-22 11:05:05.163364
918,Personal File Boxes with Fold-Down Carry Handle,Office Supplies,78,25,4061,2019-04-06 18:09:32.037695
919,Canon PC-428 Personal Copier,Technology,30,47,5005,2019-08-14 01:41:53.301349
920,Xerox 195,Office Supplies,86,29,4750,2022-06-24 06:33:34.342528
921,Xerox 201,Office Supplies,33,44,4380,2019-12-13 00:45:11.130973
922,Avery 500,Office Supplies,9,26,4263,2020-06-07 11:58:06.825648
923,"Redi-Strip #10 Envelopes, 4 1/8 x 9 1/2",Office Supplies,97,21,4127,2020-12-07 17:02:55.59485
924,"Global Airflow Leather Mesh Back Chair, Black",Furniture,3,11,4793,2022-04-13 09:38:29.721203
925,Laser & Ink Jet Business Envelopes,Office Supplies,16,34,4684,2021-10-24 12:36:29.880437
926,Lumber Crayons,Office Supplies,31,6,4356,2020-05-20 17:36:16.181363
927,Canon imageCLASS 2200 Advanced Copier,Technology,80,34,4158,2021-01-23 07:26:37.931826
928,Boston 16801 Nautilus Battery Pencil Sharpener,Office Supplies,61,25,4321,2020-09-01 15:56:14.822659
929,"Acco Data Flex Cable Posts For Top & Bottom Load Binders, 6"" Capacity",Office Supplies,19,16,4142,2019-09-13 03:13:29.176305
930,Weyerhaeuser First Choice Laser/Copy Paper (20Lb. and 88 Bright),Office Supplies,60,37,4124,2022-07-01 20:28:47.688337
931,"Xerox Color Copier Paper, 11"" x 17"", Ream",Office Supplies,59,31,4127,2022-07-10 12:45:45.880682
932,"Global High-Back Leather Tilter, Burgundy",Furniture,43,23,4468,2020-09-15 10:48:26.61167
933,Tuff Stuff Recycled Round Ring Binders,Office Supplies,20,30,4546,2019-09-06 21:55:58.785287
934,GBC Plastic Binding Combs,Office Supplies,15,21,4739,2020-08-12 20:37:43.820004
935,GBC Prestige Therm-A-Bind Covers,Office Supplies,98,2,4962,2020-12-16 07:32:25.598172
936,"TOPS Voice Message Log Book, Flash Format",Office Supplies,78,27,4382,2020-09-14 17:15:37.848827
937,Great White Multi-Use Recycled Paper (20Lb. and 84 Bright),Office Supplies,29,17,4648,2019-10-07 13:14:10.707288
938,Xerox 1988,Office Supplies,21,48,4259,2021-12-03 14:41:49.553828
939,Cisco 8x8 Inc. 6753i IP Business Phone System,Technology,11,33,4451,2022-02-19 20:11:26.215776
940,Advantus Panel Wall Certificate Holder - 8.5x11,Furniture,15,8,4380,2019-08-25 23:48:13.231525
941,GBC DocuBind P100 Manual Binding Machine,Office Supplies,68,41,4906,2020-05-24 17:49:25.237218
942,Xerox 1917,Office Supplies,88,45,4694,2021-04-15 12:33:28.435816
943,"Black Print Carbonless 8 1/2"" x 8 1/4"" Rapid Memo Book",Office Supplies,52,33,4104,2021-05-03 09:43:35.548058
944,"Belkin 19"" Vented Equipment Shelf, Black",Office Supplies,58,23,4133,2020-07-28 08:27:35.642101
945,Hon 2090 Pillow Soft Series Mid Back Swivel/Tilt Chairs,Furniture,59,27,4906,2022-01-02 02:37:45.161425
946,Adjustable Depth Letter/Legal Cart,Office Supplies,39,26,5049,2022-08-27 13:14:24.807664
947,"Neat Ideas Personal Hanging Folder Files, Black",Office Supplies,88,50,4268,2019-08-05 00:41:34.914628
948,Xerox 194,Office Supplies,89,16,4191,2021-05-09 08:22:52.954673
949,GBC ProClick Punch Binding System,Office Supplies,45,18,4420,2019-09-05 20:41:37.788725
950,BIC Brite Liner Highlighters,Office Supplies,84,36,4602,2022-07-31 19:37:02.433923
951,Tensor Track Tree Floor Lamp,Furniture,11,23,4853,2020-10-26 05:59:51.947568
952,"SimpliFile Personal File, Black Granite, 15w x 6-15/16d x 11-1/4h",Office Supplies,68,24,4930,2021-06-07 15:46:39.303247
953,GBC ProClick 150 Presentation Binding System,Office Supplies,31,49,5008,2022-07-17 19:20:17.94886
954,Motorla HX550 Universal Bluetooth Headset,Technology,98,7,4819,2019-12-02 17:03:55.427727
955,Bush Advantage Collection Round Conference Table,Furniture,72,1,5011,2020-02-22 14:11:05.468751
956,Square Credit Card Reader,Technology,5,33,4998,2021-06-22 09:43:28.211282
957,"Carina 42""Hx23 3/4""W Media Storage Unit",Office Supplies,84,13,5006,2022-08-04 12:59:34.321082
958,Lumber Crayons,Office Supplies,64,3,4983,2019-02-26 21:12:49.605609
959,Xerox 2,Office Supplies,60,30,4365,2022-05-30 10:32:18.458364
960,"Angle-D Binders with Locking Rings, Label Holders",Office Supplies,8,30,4912,2020-06-21 19:44:38.953649
961,Acme Preferred Stainless Steel Scissors,Office Supplies,73,15,5052,2021-05-14 13:58:48.550789
962,BIC Brite Liner Highlighters,Office Supplies,22,25,4803,2022-11-25 06:58:04.162792
963,Sterilite Officeware Hinged File Box,Office Supplies,67,15,4387,2021-09-08 01:14:44.214794
964,Eldon Simplefile Box Office,Office Supplies,46,21,4294,2021-07-05 16:42:29.305318
965,Insertable Tab Post Binder Dividers,Office Supplies,27,1,4503,2021-12-31 03:24:28.052689
966,Xerox 211,Office Supplies,28,47,4343,2019-04-28 15:06:26.986924
967,Large Capacity Hanging Post Binders,Office Supplies,4,44,4173,2020-09-06 10:41:56.246677
968,Weyerhaeuser First Choice Laser/Copy Paper (20Lb. and 88 Bright),Office Supplies,74,34,5017,2022-09-07 14:55:52.423838
969,Xerox 1998,Office Supplies,57,32,4871,2019-03-26 22:43:36.42366
970,Lenovo 17-Key USB Numeric Keypad,Technology,16,11,4323,2022-10-11 21:53:38.685934
971,Prang Drawing Pencil Set,Office Supplies,31,50,4477,2020-06-18 19:27:47.655569
972,Xerox 210,Office Supplies,55,43,4452,2022-12-03 00:55:31.617435
973,X-Rack File for Hanging Folders,Office Supplies,50,44,4069,2021-06-02 20:59:15.107367
974,Fellowes Black Plastic Comb Bindings,Office Supplies,58,29,4398,2022-11-29 22:33:14.576472
975,Office Star - Mesh Screen back chair with Vinyl seat,Furniture,84,31,4264,2021-04-12 08:28:21.490085
976,O'Sullivan Living Dimensions 5-Shelf Bookcases,Furniture,22,42,4776,2019-08-05 08:35:58.343711
977,Xerox 1908,Office Supplies,82,8,4172,2022-05-14 07:38:02.449783
978,Advantus Push Pins,Office Supplies,70,16,4575,2019-11-24 12:56:46.058975
979,"Hunt PowerHouse Electric Pencil Sharpener, Blue",Office Supplies,31,1,4928,2020-12-14 08:37:54.996259
980,Acme Titanium Bonded Scissors,Office Supplies,78,33,4357,2021-03-23 20:23:25.56836
981,Revere Boxed Rubber Bands by Revere,Office Supplies,39,24,4690,2020-12-12 08:56:20.184874
982,Enermax Briskie RF Wireless Keyboard and Mouse Combo,Technology,94,32,4404,2021-09-30 04:38:38.624489
983,Panasonic KP-4ABK Battery-Operated Pencil Sharpener,Office Supplies,67,10,4690,2019-10-29 07:08:40.525274
984,Xerox 204,Office Supplies,70,1,4575,2021-07-02 02:59:42.823968
985,Xerox 196,Office Supplies,99,13,4135,2019-06-05 05:46:15.219553
986,"Eldon 300 Class Desk Accessories, Black",Furniture,79,50,4253,2020-10-12 00:37:04.373586
987,"Gould Plastics 18-Pocket Panel Bin, 34w x 5-1/4d x 20-1/2h",Office Supplies,72,37,4180,2022-11-21 14:53:15.84726
988,"Global Leather Highback Executive Chair with Pneumatic Height Adjustment, Black",Furniture,85,27,4456,2019-05-31 10:17:26.85093
989,Newell 318,Office Supplies,40,39,4311,2022-07-11 14:30:31.933411
990,SpineVue Locking Slant-D Ring Binders by Cardinal,Office Supplies,80,41,4693,2021-07-16 04:43:08.683035
991,Avery Hole Reinforcements,Office Supplies,22,30,4462,2022-01-23 18:50:41.673256
992,Staples in misc. colors,Office Supplies,78,28,5010,2021-01-22 17:24:31.406321
993,Strathmore Photo Mount Cards,Office Supplies,89,14,4479,2020-09-16 10:56:35.225816
994,Acco Economy Flexible Poly Round Ring Binder,Office Supplies,16,28,4186,2020-03-28 12:02:19.461304
995,"C-Line Peel & Stick Add-On Filing Pockets, 8-3/4 x 5-1/8, 10/Pack",Office Supplies,85,33,4926,2022-06-29 11:28:30.231576
996,Avery Poly Binder Pockets,Office Supplies,83,25,4350,2021-04-06 10:35:16.034658
997,Hoover Portapower Portable Vacuum,Office Supplies,51,15,4262,2020-02-03 01:15:25.776511
998,"Seth Thomas 14"" Putty-Colored Wall Clock",Furniture,66,38,4548,2019-02-21 02:24:13.552008
999,Newell 319,Office Supplies,13,14,4149,2019-09-21 10:20:04.167114
1000,"Atlantic Metals Mobile 5-Shelf Bookcases, Custom Colors",Furniture,81,30,4206,2020-09-20 10:17:13.037762
1001,O'Sullivan 5-Shelf Heavy-Duty Bookcases,Furniture,72,31,4947,2019-11-03 01:04:22.543588
